TCNU1788058,"SAINT JOHN, NB",DP World Terminal,DPW_SJ,NORDPANTHER,9673654
CCLU7328190,"PORT EVERGLADES, FL",Florida International Terminal,,ETE N,9509126
TRHU4577936,"HOUSTON, TX",BARBOURS CUT,S787,VIMC PIONEER,9167514
KOCU4523161,"CHARLESTON, SC",South Carolina Ports,L391,EVER BOOMY,9787015
SZLU9358024,"LOS ANGELES, CA",Fenix Marine Services,Y257,ELBFEEDER,9388522
MRKU5794150,"JACKSONVILLE, FL",Blount Island Marine Terminal,N296,INLAND TRANSPORT,5367441
TCLU6534510,"NEWPORT NEWS/NORFOLK, VA",Port of Virginia,,CMA CGM URAL,9705079
BEAU5921833,"HOUSTON, TX",BCT,V136,EVER DAINTY,9134232
TRHU4811828,"NEWPORT NEWS/NORFOLK, VA",Port of Virginia,,CMA CGM URAL,9705079
MSCU9871107,"PRINCE RUPERT, BC",Fairview Container Terminal,,VICTORY VOYAGER,9168245
WHSU5170259,"HOUSTON, TX",BARBOURS CUT,S787,VIMC PIONEER,9167514
HLXU6499943,"WASHINGTON INT/BALTIMORE, MD",Port of Baltimore,C324,MSC BRANKA,9720495
TCKU6113068,"PORT EVERGLADES, FL",Port Everglades,N751,IKARIA,6411380
WHSU5125645,"HOPEWELL, VA",Richmond Marine Terminal,LAQ4,CALISTO,9306067
TGHU8708204,"NEW YORK, NY",APM - PE,E425,WAN HAI 265,9230232
KOCU4657005,"NEW ORLEANS, LA",New Orleans Terminal,Q795,MSC ISHYKA,9154206
DFSU2053596,"TACOMA, WA", West Sitcum Terminal,X335,ALEXANDER BAY,9238777
DFSU7618123,"NEW YORK, NY",Maher,E416,MSC RIFAYA,9767388
WHSU5161832,"VANCOUVER, BC",Vancouver CENTERM,,PARIS EXPRESS,9038919
TCNU1829408,"HOUSTON, TX",BCT,V136,MSC CANDICE,9339284
FSCU7896958,"LOS ANGELES, CA",APM - LA,W185,BG SAPPHIRE,9803699
YMMU6419162,"HOUSTON, TX",BARBOURS CUT,S787,VIMC PIONEER,9167514
EMCU9825144,"CHARLESTON, SC",North Charleston Terminal,L391,ULSAN EXPRESS,9613020
CLHU8973080,"LOS ANGELES, CA",Fenix Marine Services,Y257,ELBFEEDER,9388522
OOLU7490611,"NEW ORLEANS, LA",New Orleans Terminal,Q795,MSC ISHYKA,9154206
HDMU6705094,"WASHINGTON INT/BALTIMORE, MD",Port of Baltimore,C324,ALION,9238882
WHSU5982289,"CHARLESTON, SC",North Charleston Terminal,L391,ELBSEA,9429273
TLLU4342570,"HOPEWELL, VA",Richmond Marine Terminal,LAQ4,CALISTO,9306067
WHLU5699801,"CHARLESTON, SC",Wando Welch Terminal,N598,AS RAFAELA,9330939
FCIU4443970,"LOS ANGELES, CA",PIER A,Z978,SONATA,6829719
WHSU5308482,"CHARLESTON, SC",North Charleston Terminal,L391,ELBSEA,9429273
CAXU8036575,"LOS ANGELES, CA",Fenix Marine Services,Y257,ELBFEEDER,9388522
WHLU5517609,"LOS ANGELES, CA",TRAPAC - LA,Y258,MAERSK IDAHO,9193264
CAAU5263919,"NEW YORK, NY",REDHOOK,E026,MISSISSAUGA EXPRESS,9165358
HASU4286096,"MIAMI, FL",POMTOC,L239,HANSA MAGDEBURG,9256377
HLXU1130340,"WILMINGTON, NC",WILMINGTON,L194,OOCL BANGKOK,9627978
TCLU7186472,"WILMINGTON, NC",WILMINGTON,L194,OOCL BANGKOK,9627978
BMOU5699063,"LOS ANGELES, CA",SSA Marine - C60,Y377,IRENES ROSE,9363417
MRKU3033613,"CHARLESTON, SC",Wando Welch Terminal,N598,APL RAFFLES,9631979
PCIU8881017,"MIAMI, FL",Seaboard Marine,,XIN CANG ZHOU,9523093
MEDU4139770,"LOS ANGELES, CA",SSA Marine - C60,Y377,APL SANTIAGO,9597563
TCNU3507566,"LOS ANGELES, CA",YTI - LA,Y790,XIN RI ZHAO,9312561
TCLU9229613,"TACOMA, WA",Washington United Terminal,Z705,MSC CANBERRA,9102722
YMMU4066981,"HOUSTON, TX",BARBOURS CUT,S787,WAN HAI 271,9493250
PCIU8631661,"OAKLAND, CA",ETS Oakland,Y738,COSCO SHIPPING VIRGO,9783461
DFSU7612300,"LOS ANGELES, CA",YTI - LA,Y790,XIN SU ZHOU,9262144
WHSU5304682,"WASHINGTON INT/BALTIMORE, MD",Port of Baltimore,C324,MSC MARGARITA,9238741
WHLU5548549,"LOS ANGELES, CA",Fenix Marine Services,Y257,ELBFEEDER,9388522
WHSU5074569,"OAKLAND, CA",OICT,Z985,HAYLING ISLAND,9315886
WHLU5702994,"OAKLAND, CA",ETS Oakland,Y738,ONE MANEUVER,9475648
MRKU6486927,"CHARLESTON, SC",Wando Welch Terminal,N598,APL RAFFLES,9631979
MRKU5370130,"LOS ANGELES, CA",Fenix Marine Services,Y257,ELBFEEDER,9388522
RFCU5037862,"HOUSTON, TX",BCT,V136,EVER DAINTY,9134232
ONEU0050590,"OAKLAND, CA",Matson - OAK,W614,TRUONG HAI STAR 2,9419606
FSCU8468342,"PORT EVERGLADES, FL",Florida International Terminal,,XIN HANG ZHOU,9523017
UETU5521894,"NEWPORT NEWS/NORFOLK, VA",Port of Virginia,,WAN HAI 161,9132894
WHSU5234918,"NEWPORT NEWS/NORFOLK, VA",Port of Virginia,,WAN HAI 161,9132894
TRHU6411184,"LOS ANGELES, CA",YTI - LA,Y790,XIN SU ZHOU,9262144
TGHU4450195,"LOS ANGELES, CA",WBCT,Y773,KOTA LAWA,9439709
BEAU4693976,"NEW ORLEANS, LA",New Orleans Terminal,Q795,WAN HAI 305,9238181
YMMU6247401,"LOS ANGELES, CA",SSA Marine - C60,Y377,IRENES ROSE,9363417
MRKU3002192,"MIAMI, FL",SFCT,N775,MARIBO MAERSK,9619969
DFSU7724681,"NEW YORK, NY",PNCT,F577,GSL GRANIA,9285653
APHU4625287,"SAINT JOHN, NB",DP World Terminal,DPW_SJ,MANILA MAERSK,9780469
BMOU4938184,"LOS ANGELES, CA",APM - LA,W185,EASLINE QINGDAO,9221059
CMAU6763909,"LOS ANGELES, CA",PIER A,Z978,SONATA,6829719
WHLU5558948,"MIAMI, FL",SFCT,N775,MARIBO MAERSK,9619969
MAGU5699976,"OAKLAND, CA",OICT,Z985,HAYLING ISLAND,9315886
WHLU5716067,"NEW YORK, NY",GCT - NY,E005,NORTHERN VOLITION,9304978
TCLU6677527,"LOS ANGELES, CA",APM - LA,W185,BG SAPPHIRE,9803699
CBHU5786960,"CHARLESTON, SC",North Charleston Terminal,L391,ELBSEA,9429273
WHLU5784082,"HOPEWELL, VA",Richmond Marine Terminal,LAQ4,CALISTO,9306067
TGHU6828812,"OAKLAND, CA",Matson - OAK,W614,TRUONG HAI STAR 2,9419606
TCKU7683677,"OAKLAND, CA",Matson - OAK,W614,CAPE FELTON,9379375
MSCU3737739,"NEWPORT NEWS/NORFOLK, VA",Port of Virginia,,CMA CGM URAL,9705079
MVIU0008199,"NEW YORK, NY",GCT - NY,E005,NORTHERN VOLITION,9304978
HASU5048750,"NEWPORT NEWS/NORFOLK, VA",Port of Virginia,,WAN HAI 161,9132894
WHLU5708879,"TACOMA, WA",TCT - TAC,X215,MATHILDE MAERSK,9632179
TGBU9263739,"OAKLAND, CA",Matson - OAK,W614,COSCO FOS,9484302
CMAU6762224,"HOUSTON, TX",BARBOURS CUT,S787,VIMC PIONEER,9167514
GLDU7713426,"HOUSTON, TX",BARBOURS CUT,S787,WAN HAI 271,9493250
NYKU8237934,"HALIFAX, NS",South End Container Terminal (PSA Halifax),,JOGELA,9619402
WHSU5591387,"SEATTLE, WA",SSA Terminal 30,X117,RIO NEGRO,5296276
CSNU7498261,"LOS ANGELES, CA",YTI - LA,Y790,XIN RI ZHAO,9312561
BMOU6701530,"SEATTLE, WA",SSA Terminal 30,X117,RIO NEGRO,5296276
MRSU3760338,"HOPEWELL, VA",Richmond Marine Terminal,LAQ4,CALISTO,9306067
WHSU5656343,"SAINT JOHN, NB",DP World Terminal,DPW_SJ,NORDPANTHER,9673654
WHLU4276301,"OAKLAND, CA",ETS Oakland,Y738,ONE MANEUVER,9475648
XINU4066460,"LOS ANGELES, CA",PCT,W182,GRACE BRIDGE,9292266
OOCU8464539,"CHARLESTON, SC",North Charleston Terminal,L391,ELBSEA,9429273
WHSU5608725,"PORT EVERGLADES, FL",Port Everglades,N751,MAERSK HANGZHOU,9784300
CAIU7569198,"LOS ANGELES, CA",APM - LA,W185,WAN HAI 216,9059145
TCNU5093038,"CHARLESTON, SC",Wando Welch Terminal,N598,MSC POH LIN,9279977
ZCSU7133263,"SAVANNAH, GA",Garden City Terminal,L737,HYUNDAI GRACE,9330721
CMAU5584072,"OAKLAND, CA",OICT,Z985,HAYLING ISLAND,9315886
TEMU1658178,"PRINCE RUPERT, BC",Fairview Container Terminal,,VICTORY VOYAGER,9168245
MRSU4056724,"CHARLESTON, SC",Wando Welch Terminal,N598,MSC POH LIN,9279977
CAIU9444482,"SAINT JOHN, NB",DP World Terminal,DPW_SJ,MANILA MAERSK,9780469
TLLU4716392,"OAKLAND, CA",Matson - OAK,W614,COSCO FOS,9484302
DFSU7612526,"TACOMA, WA", West Sitcum Terminal,X335,LANTAU BAY,9383596
WHSU9011173,"TAMPA, FL",Port of Tampa Container Terminal,M669,HAIAN TIME,9245158
CGMU5076716,"SEATTLE, WA",SSA Terminal 30,X117,RIO NEGRO,5296276
WHSU5079600,"WASHINGTON INT/BALTIMORE, MD",Port of Baltimore,C324,MSC BRANKA,9720495
GESU6140175,"NEWPORT NEWS/NORFOLK, VA",Port of Virginia,,WAN HAI 161,9132894
HDMU2585961,"NEWPORT NEWS/NORFOLK, VA",Virginia International Gateway,N195,LEDA MAERSK,9190755
CMAU6764417,"OAKLAND, CA",TRAPAC - OAK,Y549,WAN HAI 171,9380257
GESU6878446,"NEWPORT NEWS/NORFOLK, VA",Norfolk International Terminals,L005,SPIRIT OF MELBOURNE,9362413
TRIU5600762,"LOS ANGELES, CA",YTI - LA,Y790,XIN RI ZHAO,9312561
FCIU7412674,"TAMPA, FL",Port of Tampa Container Terminal,M669,HAIAN TIME,9245158
DFSU7628409,"LOS ANGELES, CA",APM - LA,W185,MSC RAVENNA,9484431
WHLU5725942,"OAKLAND, CA",Matson - OAK,W614,SARERA,9157404
YMMU4012590,"LOS ANGELES, CA",APM - LA,W185,MSC RAVENNA,9484431
BEAU4209146,"HOPEWELL, VA",Richmond Marine Terminal,LAQ4,CALISTO,9306067
CMAU7582124,"LOS ANGELES, CA",TRAPAC - LA,Y258,MAERSK IDAHO,9193264
SUDU7694371,"PORT EVERGLADES, FL",Port Everglades,N751,IKARIA,6411380
BMOU5055179,"HOUSTON, TX",BCT,V136,EVER DAINTY,9134232
MEDU8767347,"OAKLAND, CA",OICT,Z985,TASMAN,7018460
DFSU6923729,"NEW ORLEANS, LA",New Orleans Terminal,Q795,GENOVA,5128235
CBHU9098029,"NEW YORK, NY",GCT - NY,E005,NORTHERN VOLITION,9304978
CSNU6483251,"SAVANNAH, GA",Garden City Terminal,L737,HYUNDAI GRACE,9330721
OERU4032793,"OAKLAND, CA",TRAPAC - OAK,Y549,XIN XIA MEN,9270476
HJMU2030820,"OAKLAND, CA",OICT,Z985,HAYLING ISLAND,9315886
TLLU4215718,"NEWPORT NEWS/NORFOLK, VA",Port of Virginia,,CMA CGM URAL,9705079
CXDU1587716,"NEW ORLEANS, LA",NAPOLEON,P260,SEATTLE EXPRESS,9348687
CAIU6601401,"NEWPORT NEWS/NORFOLK, VA",Norfolk International Terminals,L005,STEEN,5339767
SEGU1778310,"MIAMI, FL",Seaboard Marine,,XIN CANG ZHOU,9523093
WHLU4310026,"LOS ANGELES, CA",WBCT,Y773,KOTA LAWA,9439709
MSDU7058616,"LOS ANGELES, CA",YTI - LA,Y790,RUN XING,9319583
FSCU8808904,"NEWPORT NEWS/NORFOLK, VA",Virginia International Gateway,N195,LEDA MAERSK,9190755
TCLU5708691,"HOUSTON, TX",BCT,V136,EVER DAINTY,9134232
CMAU6764206,"OAKLAND, CA",OICT,Z985,HAYLING ISLAND,9315886
TGBU7575980,"TAMPA, FL",Port of Tampa Container Terminal,M669,CAPE FORBY,9356842
TGHU4944412,"JACKSONVILLE, FL",Blount Island Marine Terminal,N296,INLAND TRANSPORT,5367441
CMAU1828709,"LOS ANGELES, CA",YTI - LA,Y790,BOX EXPRESS,9733832
OOLU7834229,"HOUSTON, TX",BARBOURS CUT,S787,WAN HAI 301,9238155
ZCSU8901406,"VANCOUVER, BC",Vancouver CENTERM,,PARIS EXPRESS,9038919
TLLU5063250,"TAMPA, FL",Port of Tampa Container Terminal,M669,HAIAN TIME,9245158
FSCU8808904,"MIAMI, FL",Seaboard Marine,,WAN HAI 172,9380269
BMOU4279549,"OAKLAND, CA",ETS Oakland,Y738,COSCO SHIPPING VIRGO,9783461
WHLU4307779,"LOS ANGELES, CA",YTI - LA,Y790,XIN RI ZHAO,9312561
TCNU2166953,"JACKSONVILLE, FL",Blount Island Marine Terminal,N296,INLAND TRANSPORT,5367441
WHSU5689049,"OAKLAND, CA",ETS Oakland,Y738,COSCO SHIPPING VIRGO,9783461
TCLU8149832,"WILMINGTON, NC",WILMINGTON,L194,MP THE GRONK,9289960
MOTU0612417,"OAKLAND, CA",Matson - OAK,W614,COSCO FOS,9484302
SLSU6142370,"PORT EVERGLADES, FL",Florida International Terminal,,ETE N,9509126
FCIU8877980,"SAVANNAH, GA",Garden City Terminal,L737,HYUNDAI GRACE,9330721
FCIU8506021,"SAINT JOHN, NB",DP World Terminal,DPW_SJ,MANILA MAERSK,9780469
ZCSU2673037,"NEW YORK, NY",APM - PE,E425,MAERSK SERANGOON,9315214
WHSU5079405,"LOS ANGELES, CA",TRAPAC - LA,Y258,MAERSK IDAHO,9193264
CMAU6137187,"BOSTON, MA",CONLEY,A295,JPO LIBRA,9297840
SEKU4316285,"NEW ORLEANS, LA",New Orleans Terminal,Q795,MSC ISHYKA,9154206
BMOU1215617,"JACKSONVILLE, FL",Blount Island Marine Terminal,N296,YM HARMONY,9299329
WHLU4293504,"NEWPORT NEWS/NORFOLK, VA",Port of Virginia,,CMA CGM URAL,9705079
WHSU6043515,"CHARLESTON, SC",Wando Welch Terminal,N598,APL RAFFLES,9631979
ZCSU7205506,"NEWPORT NEWS/NORFOLK, VA",Norfolk International Terminals,L005,STEEN,5339767
MRKU3591512,"LOS ANGELES, CA",Fenix Marine Services,Y257,SM KAVERI,9236042
KKFU8161951,"BOSTON, MA",CONLEY,A295,MSC EMMA,9463047
MSDU7421465,"LOS ANGELES, CA",SSA Marine - C60,Y377,APL SANTIAGO,9597563
GESU6917440,"OAKLAND, CA",TRAPAC - OAK,Y549,WAN HAI 171,9380257
CMAU6554180,"LOS ANGELES, CA",APM - LA,W185,WAN HAI 216,9059145
WHLU0371240,"HOPEWELL, VA",Richmond Marine Terminal,LAQ4,CALISTO,9306067
MRKU6359373,"NEW YORK, NY",GCT - NY,E005,POLAR ARGENTINA,9797204
OOLU4317752,"VANCOUVER, BC",Vancouver CENTERM,,PARIS EXPRESS,9038919
CAIU9937895,"JACKSONVILLE, FL",Blount Island Marine Terminal,N296,YM HARMONY,9299329
MSCU5094380,"LOS ANGELES, CA",YTI - LA,Y790,XIN RI ZHAO,9312561
APHU6295292,"HOUSTON, TX",BCT,V136,MSC CANDICE,9339284
UACU5273643,"TACOMA, WA", West Sitcum Terminal,X335,ALEXANDER BAY,9238777
TEMU6649796,"SAINT JOHN, NB",DP World Terminal,DPW_SJ,NORDPANTHER,9673654
DRYU9603369,"TACOMA, WA", West Sitcum Terminal,X335,ALEXANDER BAY,9238777
BEAU4798220,"CHARLESTON, SC",Wando Welch Terminal,N598,MSC POH LIN,9279977
OOLU8699870,"TAMPA, FL",Port of Tampa Container Terminal,M669,HAIAN TIME,9245158
YMMU4082540,"PORT EVERGLADES, FL",Florida International Terminal,,ETE N,9509126
EISU9421320,"TAMPA, FL",Port of Tampa Container Terminal,M669,HAIAN TIME,9245158
CAIU9659813,"LOS ANGELES, CA",PCT,W182,MSC GAYANE,9770763
TEMU6806658,"HOUSTON, TX",BARBOURS CUT,S787,WAN HAI 301,9238155
UETU5889361,"BOSTON, MA",CONLEY,A295,MSC EMMA,9463047
MRSU3490973,"OAKLAND, CA",Matson - OAK,W614,CAPE FELTON,9379375
TCNU8863739,"JACKSONVILLE, FL",Blount Island Marine Terminal,N296,INLAND TRANSPORT,5367441
MAGU5574140,"MIAMI, FL",SFCT,N775,MSC NICOLE,8509387
YMMU6299766,"BOSTON, MA",CONLEY,A295,MSC EMMA,9463047
WHSU6026251,"TACOMA, WA",TCT - TAC,X215,MATHILDE MAERSK,9632179
OOLU7939615,"SAVANNAH, GA",Garden City Terminal,L737,MSC VIVIANA,7034816
WHSU5422828,"WASHINGTON INT/BALTIMORE, MD",Port of Baltimore,C324,MSC MARGARITA,9238741
MNBU0142950,"OAKLAND, CA",ETS Oakland,Y738,COSCO SHIPPING VIRGO,9783461
MSKU4535840,"NEW YORK, NY",REDHOOK,E026,MISSISSAUGA EXPRESS,9165358
CAIU7010147,"LOS ANGELES, CA",PCT,W182,MSC GAYANE,9770763
TLLU4186610,"HOUSTON, TX",BARBOURS CUT,S787,VIMC PIONEER,9167514
WHLU5663748,"SAINT JOHN, NB",DP World Terminal,DPW_SJ,NORDPANTHER,9673654
FFAU2180497,"WILMINGTON, NC",WILMINGTON,L194,NAWATA BHUM,9365685
CAIU7710691,"LOS ANGELES, CA",PCT,W182,GRACE BRIDGE,9292266
TEMU6649796,"NEWPORT NEWS/NORFOLK, VA",Virginia International Gateway,N195,LEDA MAERSK,9190755
EITU1983113,"OAKLAND, CA",TRAPAC - OAK,Y549,XIN XIA MEN,9270476
TCLU6283821,"VANCOUVER, BC",Vancouver CENTERM,,PARIS EXPRESS,9038919
EGHU9880229,"NEW YORK, NY",GCT - NY,E005,POLAR ARGENTINA,9797204
TCNU4509985,"LOS ANGELES, CA",PCT,W182,GRACE BRIDGE,9292266
CSLU2408057,"LOS ANGELES, CA",WBCT,Y773,KOTA LAWA,9439709
WHLU5742955,"MIAMI, FL",Seaboard Marine,,WAN HAI 172,9380269
APHU6938742,"HOUSTON, TX",BCT,V136,EVER DAINTY,9134232
WHSU5886897,"MIAMI, FL",SFCT,N775,MARIBO MAERSK,9619969
MSCU5472705,"MIAMI, FL",SFCT,N775,MARIBO MAERSK,9619969
CMAU8180460,"LOS ANGELES, CA",SSA Marine - C60,Y377,APL SANTIAGO,9597563
TGBU5952107,"CHARLESTON, SC",Wando Welch Terminal,N598,AS RAFAELA,9330939
MAGU5442669,"TACOMA, WA",ETS - TAC,,WAN HAI 307,9237096
TCLU4305428,"MIAMI, FL",Seaboard Marine,,XIN CANG ZHOU,9523093
PONU7781852,"HOUSTON, TX",BARBOURS CUT,S787,VIMC PIONEER,9167514
DFSU4287417,"HOUSTON, TX",BARBOURS CUT,S787,VIMC PIONEER,9167514
MSCU9529060,"MIAMI, FL",SFCT,N775,MARIBO MAERSK,9619969
TCNU5409553,"OAKLAND, CA",OICT,Z985,HAYLING ISLAND,9315886
MSKU0982367,"MIAMI, FL",POMTOC,L239,HANSA MAGDEBURG,9256377
MSCU5944653,"NEW YORK, NY",GCT - NJ,E364,MSC APOLLO,9247730
MATU2626529,"OAKLAND, CA",TRAPAC - OAK,Y549,XIN XIA MEN,9270476
CMAU6522624,"LOS ANGELES, CA",APM - LA,W185,BG SAPPHIRE,9803699
CAIU9820825,"HOUSTON, TX",BARBOURS CUT,S787,WAN HAI 301,9238155
TCLU4867338,"OAKLAND, CA",ETS Oakland,Y738,COSCO SHIPPING VIRGO,9783461
DFSU1157343,"WILMINGTON, NC",WILMINGTON,L194,MP THE GRONK,9289960
OOLU8412547,"NEW ORLEANS, LA",New Orleans Terminal,Q795,MSC ISHYKA,9154206
CXDU1128980,"SAINT JOHN, NB",DP World Terminal,DPW_SJ,MANILA MAERSK,9780469
HLBU1813524,"OAKLAND, CA",ETS Oakland,Y738,COSCO SHIPPING VIRGO,9783461
WHSU5735416,"HOUSTON, TX",BARBOURS CUT,S787,WAN HAI 301,9238155
TCNU4702783,"OAKLAND, CA",Matson - OAK,W614,CAPE FELTON,9379375
TGBU6338433,"NEWPORT NEWS/NORFOLK, VA",Norfolk International Terminals,L005,SPIRIT OF MELBOURNE,9362413
DRYU9576197,"VANCOUVER, BC",Vancouver CENTERM,,PARIS EXPRESS,9038919
TLLU8327423,"CHARLESTON, SC",South Carolina Ports,L391,EVER BOOMY,9787015
ZCSU7092251,"HOUSTON, TX",BARBOURS CUT,S787,WAN HAI 271,9493250
MEDU7097596,"HOUSTON, TX",BARBOURS CUT,S787,WAN HAI 271,9493250
WHSU6520080,"NEWPORT NEWS/NORFOLK, VA",Port of Virginia,,CMA CGM URAL,9705079
MATU2575859,"LOS ANGELES, CA",Fenix Marine Services,Y257,SM KAVERI,9236042
DFSU7158579,"TAMPA, FL",Port of Tampa Container Terminal,M669,HAIAN TIME,9245158
CMAU7810380,"NEW ORLEANS, LA",New Orleans Terminal,Q795,WAN HAI 305,9238181
BMOU4645587,"MIAMI, FL",Seaboard Marine,,WAN HAI 172,9380269
APHU6732448,"HOUSTON, TX",BARBOURS CUT,S787,MSC ELENI,9278143
MATU2513203,"LOS ANGELES, CA",Fenix Marine Services,Y257,ELBFEEDER,9388522
FCIU2813709,"LOS ANGELES, CA",YTI - LA,Y790,ITAL LAGUNA,9322463
WHSU5721578,"HOUSTON, TX",BARBOURS CUT,S787,WAN HAI 301,9238155
WHSU5407762,"SAVANNAH, GA",Garden City Terminal,L737,HYUNDAI GRACE,9330721
MATU2574868,"NEW YORK, NY",APM - PE,E425,WAN HAI 265,9230232
TCKU6340523,"LOS ANGELES, CA",PCT,W182,GRACE BRIDGE,9292266
MRKU0002542,"OAKLAND, CA",ETS Oakland,Y738,COSCO SHIPPING VIRGO,9783461
CMAU5238906,"LOS ANGELES, CA",YTI - LA,Y790,RUN XING,9319583
OOLU4391549,"LOS ANGELES, CA",YTI - LA,Y790,XIN SU ZHOU,9262144
UNIU5024697,"OAKLAND, CA",OICT,Z985,HAYLING ISLAND,9315886
CAIU7618585,"HOUSTON, TX",BARBOURS CUT,S787,MSC ELENI,9278143
MATU2548473,"HOUSTON, TX",BARBOURS CUT,S787,MSC ELENI,9278143
DFSU7726220,"WILMINGTON, NC",WILMINGTON,L194,MP THE GRONK,9289960
MRKU3875139,"TACOMA, WA",ETS - TAC,,WAN HAI 307,9237096
MSCU5899615,"LOS ANGELES, CA",YTI - LA,Y790,RUN XING,9319583
WHLU4291163,"OAKLAND, CA",OICT,Z985,TASMAN,7018460
WHLU5723636,"NEW YORK, NY",REDHOOK,E026,MISSISSAUGA EXPRESS,9165358
TCLU1148006,"NEW YORK, NY",REDHOOK,E026,MISSISSAUGA EXPRESS,9165358
CMAU4171808,"MIAMI, FL",SFCT,N775,MARIBO MAERSK,9619969
TGBU6630620,"OAKLAND, CA",TRAPAC - OAK,Y549,WAN HAI 171,9380257
ONEU0222750,"LOS ANGELES, CA",YTI - LA,Y790,XIN SU ZHOU,9262144
DFSU1280450,"SAINT JOHN, NB",DP World Terminal,DPW_SJ,MANILA MAERSK,9780469
CCLU7410950,"CHARLESTON, SC",North Charleston Terminal,L391,ELBSEA,9429273
ZCSU7236976,"LOS ANGELES, CA",PCT,W182,GRACE BRIDGE,9292266
TEMU5606589,"NEWPORT NEWS/NORFOLK, VA",Norfolk International Terminals,L005,SPIRIT OF MELBOURNE,9362413
WHLU5677989,"HOUSTON, TX",BARBOURS CUT,S787,WAN HAI 271,9493250
HDMU7607404,"LOS ANGELES, CA",YTI - LA,Y790,XIN SU ZHOU,9262144
SEGU5645383,"LOS ANGELES, CA",SSA Marine - C60,Y377,APL SANTIAGO,9597563
TCNU6378499,"VANCOUVER, BC",Vancouver CENTERM,,PARIS EXPRESS,9038919
OOLU2959100,"LOS ANGELES, CA",PCT,W182,GRACE BRIDGE,9292266
CMAU1817812,"PORT EVERGLADES, FL",Florida International Terminal,,XIN HANG ZHOU,9523017
NYKU0796854,"LOS ANGELES, CA",YTI - LA,Y790,ITAL LAGUNA,9322463
BMOU5210423,"NEW YORK, NY",APM - PE,E425,WAN HAI 265,9230232
PONU1865637,"OAKLAND, CA",ETS Oakland,Y738,ONE MANEUVER,9475648
FFAU3683325,"OAKLAND, CA",ETS Oakland,Y738,ONE MANEUVER,9475648
APZU3773702,"LOS ANGELES, CA",Fenix Marine Services,Y257,ELBFEEDER,9388522
ZCSU7600049,"LOS ANGELES, CA",PCT,W182,GRACE BRIDGE,9292266
TEMU8023498,"CHARLESTON, SC",North Charleston Terminal,L391,ULSAN EXPRESS,9613020
DFSU6368694,"NEWPORT NEWS/NORFOLK, VA",Norfolk International Terminals,L005,SPIRIT OF MELBOURNE,9362413
CMNU3000826,"NEWPORT NEWS/NORFOLK, VA",Virginia International Gateway,N195,LEDA MAERSK,9190755
MSKU6068050,"NEW ORLEANS, LA",NAPOLEON,P260,SEATTLE EXPRESS,9348687
ZIMU1384553,"NEW ORLEANS, LA",New Orleans Terminal,Q795,WAN HAI 305,9238181
WHSU5418031,"TAMPA, FL",Port of Tampa Container Terminal,M669,CAPE FORBY,9356842
TRLU8260423,"LOS ANGELES, CA",WBCT,Y773,KOTA LAWA,9439709
CAIU9785637,"SAVANNAH, GA",Garden City Terminal,L737,MSC VIVIANA,7034816
TGBU8857844,"SAVANNAH, GA",Garden City Terminal,L737,MSC VIVIANA,7034816
AXIU1646115,"CHARLESTON, SC",Wando Welch Terminal,N598,APL RAFFLES,9631979
SEGU5132478,"MIAMI, FL",POMTOC,L239,HANSA MAGDEBURG,9256377
FFAU1791439,"HOUSTON, TX",BARBOURS CUT,S787,VIMC PIONEER,9167514
WHSU5721578,"NEW YORK, NY",GCT - NJ,E364,MSC APOLLO,9247730
DFSU3032047,"LOS ANGELES, CA",TRAPAC - LA,Y258,MAERSK IDAHO,9193264
MSKU0470761,"NEWPORT NEWS/NORFOLK, VA",Norfolk International Terminals,L005,SPIRIT OF MELBOURNE,9362413
FCIU7249675,"TACOMA, WA",ETS - TAC,,WAN HAI 307,9237096
BEAU4296829,"OAKLAND, CA",TRAPAC - OAK,Y549,WAN HAI 171,9380257
WHSU5593878,"NEW YORK, NY",GCT - NJ,E364,MSC APOLLO,9247730
GAOU6152022,"NEWPORT NEWS/NORFOLK, VA",Norfolk International Terminals,L005,SPIRIT OF MELBOURNE,9362413
WHSU6288797,"CHARLESTON, SC",North Charleston Terminal,L391,ELBSEA,9429273
TRLU6605470,"NEW YORK, NY",Maher,E416,MSC RIFAYA,9767388
WHSU5205550,"NEW YORK, NY",GCT - NY,E005,POLAR ARGENTINA,9797204
UACU5808806,"LOS ANGELES, CA",SSA Marine - C60,Y377,IRENES ROSE,9363417
CGMU5223904,"OAKLAND, CA",Matson - OAK,W614,SARERA,9157404
NYKU4796560,"SAINT JOHN, NB",DP World Terminal,DPW_SJ,NORDPANTHER,9673654
SMLU3102087,"MIAMI, FL",Seaboard Marine,,WAN HAI 172,9380269
HMMU6205857,"NEW YORK, NY",REDHOOK,E026,MISSISSAUGA EXPRESS,9165358
TRHU4918816,"LOS ANGELES, CA",PCT,W182,MSC GAYANE,9770763
WHSU6064570,"TACOMA, WA",TCT - TAC,X215,MATHILDE MAERSK,9632179
OOLU8812570,"NEW YORK, NY",REDHOOK,E026,MISSISSAUGA EXPRESS,9165358
MSKU6075419,"OAKLAND, CA",ETS Oakland,Y738,ONE MANEUVER,9475648
TCKU6201045,"HALIFAX, NS",South End Container Terminal (PSA Halifax),,JOGELA,9619402
MRKU4421850,"LOS ANGELES, CA",Fenix Marine Services,Y257,ELBFEEDER,9388522
YMMU6254885,"CHARLESTON, SC",South Carolina Ports,L391,EVER BOOMY,9787015
CSNU6111784,"OAKLAND, CA",Matson - OAK,W614,TRUONG HAI STAR 2,9419606
CAIU7388559,"SAINT JOHN, NB",DP World Terminal,DPW_SJ,MANILA MAERSK,9780469
WHSU5177309,"WILMINGTON, NC",WILMINGTON,L194,MP THE GRONK,9289960
WHSU5030283,"LOS ANGELES, CA",SSA Marine - C60,Y377,APL SANTIAGO,9597563
TCNU2013276,"OAKLAND, CA",ETS Oakland,Y738,ONE MANEUVER,9475648
FFAU2153470,"WILMINGTON, NC",WILMINGTON,L194,NAWATA BHUM,9365685
ZCSU7128631,"LOS ANGELES, CA",YTI - LA,Y790,XIN SU ZHOU,9262144
CMAU4605709,"LOS ANGELES, CA",PIER A,Z978,SONATA,6829719
CAIU7132612,"HALIFAX, NS",South End Container Terminal (PSA Halifax),,JOGELA,9619402
NYKU5191167,"HOUSTON, TX",BARBOURS CUT,S787,WAN HAI 271,9493250
MRKU0649375,"LOS ANGELES, CA",TRAPAC - LA,Y258,YORK,4063232
EISU9273665,"NEW YORK, NY",GCT - NJ,E364,MSC APOLLO,9247730
CAIU9565627,"CHARLESTON, SC",South Carolina Ports,L391,NORTHERN JADE,9294991
MEDU4217131,"WASHINGTON INT/BALTIMORE, MD",Port of Baltimore,C324,ALION,9238882
CAIU9184472,"LOS ANGELES, CA",YTI - LA,Y790,XIN RI ZHAO,9312561
TRLU6532055,"LOS ANGELES, CA",SSA Marine - C60,Y377,IRENES ROSE,9363417
ZCSU7316310,"PORT EVERGLADES, FL",Florida International Terminal,,XIN HANG ZHOU,9523017
CAIU7522225,"SAVANNAH, GA",Garden City Terminal,L737,MSC VIVIANA,7034816
EITU1074300,"LOS ANGELES, CA",Fenix Marine Services,Y257,SM KAVERI,9236042
TRHU4336543,"LOS ANGELES, CA",PCT,W182,MSC GAYANE,9770763
MOAU6788536,"SEATTLE, WA",SSA Terminal 30,X117,RIO NEGRO,5296276
HAMU1317186,"NEW YORK, NY",PNCT,F577,GSL GRANIA,9285653
BEAU6334213,"CHARLESTON, SC",Wando Welch Terminal,N598,AS RAFAELA,9330939
CAIU7376692,"LOS ANGELES, CA",Fenix Marine Services,Y257,SM KAVERI,9236042
CGMU6906192,"PORT EVERGLADES, FL",Florida International Terminal,,XIN HANG ZHOU,9523017
TCNU3551297,"WASHINGTON INT/BALTIMORE, MD",Port of Baltimore,C324,ALION,9238882
FFAU3494830,"CHARLESTON, SC",South Carolina Ports,L391,NORTHERN JADE,9294991
SEGU6749850,"NEWPORT NEWS/NORFOLK, VA",Norfolk International Terminals,L005,STEEN,5339767
WHLU5560293,"HOUSTON, TX",BARBOURS CUT,S787,WAN HAI 271,9493250
WHLU5366919,"TACOMA, WA", West Sitcum Terminal,X335,ALEXANDER BAY,9238777
WHSU6371704,"MIAMI, FL",SFCT,N775,MSC NICOLE,8509387
UETU5303681,"HOUSTON, TX",BARBOURS CUT,S787,WAN HAI 301,9238155
ACLU9747547,"CHARLESTON, SC",South Carolina Ports,L391,NORTHERN JADE,9294991
PCIU8623820,"TACOMA, WA",ETS - TAC,,WAN HAI 307,9237096
CAIU7030971,"HOUSTON, TX",BARBOURS CUT,S787,VIMC PIONEER,9167514
TEMU5636808,"LOS ANGELES, CA",YTI - LA,Y790,RUN XING,9319583
CMAU7545373,"LOS ANGELES, CA",TRAPAC - LA,Y258,YORK,4063232
WHLU5782921,"NEW YORK, NY",APM - PE,E425,WAN HAI 265,9230232
GAOU6091360,"WILMINGTON, NC",WILMINGTON,L194,MP THE GRONK,9289960
WHLU5621378,"HOUSTON, TX",BARBOURS CUT,S787,WAN HAI 301,9238155
OOLU4352516,"CHARLESTON, SC",Wando Welch Terminal,N598,AS RAFAELA,9330939
YMMU6024239,"NEWPORT NEWS/NORFOLK, VA",Norfolk International Terminals,L005,STEEN,5339767
WHSU5288658,"CHARLESTON, SC",South Carolina Ports,L391,EVER BOOMY,9787015
WHSU5561187,"OAKLAND, CA",TRAPAC - OAK,Y549,WAN HAI 171,9380257
WHLU5672694,"CHARLESTON, SC",Wando Welch Terminal,N598,APL RAFFLES,9631979
WHSU5743010,"MIAMI, FL",Seaboard Marine,,WAN HAI 172,9380269
WHSU5086298,"CHARLESTON, SC",Wando Welch Terminal,N598,MSC POH LIN,9279977
NYKU0825844,"HOPEWELL, VA",Richmond Marine Terminal,LAQ4,CALISTO,9306067
SEKU4053907,"HOPEWELL, VA",Richmond Marine Terminal,LAQ4,CALISTO,9306067
WHSU5763341,"OAKLAND, CA",Matson - OAK,W614,CAPE FELTON,9379375
FFAU2050596,"TACOMA, WA", West Sitcum Terminal,X335,LANTAU BAY,9383596
PCIU8666760,"WASHINGTON INT/BALTIMORE, MD",Port of Baltimore,C324,ALION,9238882
WHLU5562819,"SAINT JOHN, NB",DP World Terminal,DPW_SJ,MANILA MAERSK,9780469
WHSU5390504,"MIAMI, FL",POMTOC,L239,HANSA MAGDEBURG,9256377
TCKU7541862,"LOS ANGELES, CA",APM - LA,W185,EASLINE QINGDAO,9221059
FBLU0101565,"OAKLAND, CA",OICT,Z985,TASMAN,7018460
WHSU5352891,"HOUSTON, TX",BARBOURS CUT,S787,MSC ELENI,9278143
WHLU5503713,"HOUSTON, TX",BARBOURS CUT,S787,WAN HAI 301,9238155
WHLU5838466,"TACOMA, WA", West Sitcum Terminal,X335,LANTAU BAY,9383596
TCKU7583913,"OAKLAND, CA",OICT,Z985,HAYLING ISLAND,9315886
WHLU5546783,"LOS ANGELES, CA",YTI - LA,Y790,XIN RI ZHAO,9312561
MSMU7711809,"WASHINGTON INT/BALTIMORE, MD",Port of Baltimore,C324,MSC BRANKA,9720495
TCLU4120743,"NEWPORT NEWS/NORFOLK, VA",Norfolk International Terminals,L005,SPIRIT OF MELBOURNE,9362413
TEMU6174480,"OAKLAND, CA",Matson - OAK,W614,SARERA,9157404
OOCU6917240,"LOS ANGELES, CA",YTI - LA,Y790,ITAL LAGUNA,9322463
BSIU9770735,"SEATTLE, WA",SSA Terminal 30,X117,RIO NEGRO,5296276
TCKU7473794,"SAINT JOHN, NB",DP World Terminal,DPW_SJ,NORDPANTHER,9673654
TCNU7333713,"SAVANNAH, GA",Garden City Terminal,L737,MSC VIVIANA,7034816
EITU1955370,"LOS ANGELES, CA",TRAPAC - LA,Y258,YORK,4063232
APHU6662021,"SAVANNAH, GA",Garden City Terminal,L737,MSC VIVIANA,7034816
TCNU2412208,"LOS ANGELES, CA",PIER A,Z978,ATLANTIC OCEAN,8612990
WHLU5658551,"JACKSONVILLE, FL",Blount Island Marine Terminal,N296,YM HARMONY,9299329
SKYU2581798,"WILMINGTON, NC",WILMINGTON,L194,OOCL BANGKOK,9627978
HDMU5500248,"PORT EVERGLADES, FL",Florida International Terminal,,XIN HANG ZHOU,9523017
FBLU0227471,"NEW ORLEANS, LA",New Orleans Terminal,Q795,GENOVA,5128235
WHSU5356840,"NEW YORK, NY",PNCT,F577,GSL GRANIA,9285653
UETU4018247,"LOS ANGELES, CA",PIER A,Z978,ATLANTIC OCEAN,8612990
WHSU5845286,"VANCOUVER, BC",Vancouver CENTERM,,PARIS EXPRESS,9038919
WHSU5267022,"OAKLAND, CA",Matson - OAK,W614,TRUONG HAI STAR 2,9419606
WHSU4034999,"SAVANNAH, GA",Garden City Terminal,L737,MSC VIVIANA,7034816
KOCU4351653,"WILMINGTON, NC",WILMINGTON,L194,MP THE GRONK,9289960
MRKU4623888,"MIAMI, FL",SFCT,N775,MARIBO MAERSK,9619969
MRKU8061480,"LOS ANGELES, CA",APM - LA,W185,WAN HAI 216,9059145
WHSU5681963,"SEATTLE, WA",SSA Terminal 30,X117,RIO NEGRO,5296276
WHSU6050290,"CHARLESTON, SC",Wando Welch Terminal,N598,APL RAFFLES,9631979
CCLU7093835,"PRINCE RUPERT, BC",Fairview Container Terminal,,VICTORY VOYAGER,9168245
TRHU6995895,"LOS ANGELES, CA",SSA Marine - C60,Y377,IRENES ROSE,9363417
WHSU5538931,"LOS ANGELES, CA",YTI - LA,Y790,RUN XING,9319583
SKYU2582599,"MIAMI, FL",SFCT,N775,MARIBO MAERSK,9619969
OOLU9255627,"NEW YORK, NY",PNCT,F577,GSL GRANIA,9285653
WHSU6524526,"NEW YORK, NY",APM - PE,E425,MAERSK SERANGOON,9315214
WHLU5519129,"WASHINGTON INT/BALTIMORE, MD",Port of Baltimore,C324,MSC MARGARITA,9238741
TCNU7790052,"HOUSTON, TX",BARBOURS CUT,S787,WAN HAI 301,9238155
CBHU9486615,"CHARLESTON, SC",North Charleston Terminal,L391,ELBSEA,9429273
SUDU5522244,"OAKLAND, CA",Matson - OAK,W614,COSCO FOS,9484302
MSCU7754230,"OAKLAND, CA",ETS Oakland,Y738,ONE MANEUVER,9475648
MOTU0612417,"NEW YORK, NY",GCT - NY,E005,NORTHERN VOLITION,9304978
SUDU5903235,"CHARLESTON, SC",South Carolina Ports,L391,EVER BOOMY,9787015
TCNU2702980,"NEW ORLEANS, LA",NAPOLEON,P260,SEATTLE EXPRESS,9348687
EGHU9345074,"TAMPA, FL",Port of Tampa Container Terminal,M669,HAIAN TIME,9245158
TLLU4180801,"TAMPA, FL",Port of Tampa Container Terminal,M669,CAPE FORBY,9356842
CAIU7594776,"WILMINGTON, NC",WILMINGTON,L194,OOCL BANGKOK,9627978
CBHU6441371,"TAMPA, FL",Port of Tampa Container Terminal,M669,CAPE FORBY,9356842
FFAU1353983,"TACOMA, WA", West Sitcum Terminal,X335,ALEXANDER BAY,9238777
DRYU6027296,"WILMINGTON, NC",WILMINGTON,L194,NAWATA BHUM,9365685
CAXU9113531,"OAKLAND, CA",Matson - OAK,W614,COSCO FOS,9484302
SUDU7778960,"HOUSTON, TX",BARBOURS CUT,S787,MSC ELENI,9278143
MRKU3801579,"LOS ANGELES, CA",Fenix Marine Services,Y257,ELBFEEDER,9388522
WHSU5731302,"MIAMI, FL",Seaboard Marine,,WAN HAI 172,9380269
WHSU5537257,"JACKSONVILLE, FL",Blount Island Marine Terminal,N296,INLAND TRANSPORT,5367441
TCLU5002940,"PORT EVERGLADES, FL",Port Everglades,N751,IKARIA,6411380
WHSU5536055,"NEW ORLEANS, LA",New Orleans Terminal,Q795,MSC ISHYKA,9154206
DFSU7671642,"LOS ANGELES, CA",YTI - LA,Y790,ITAL LAGUNA,9322463
TGHU6748105,"NEWPORT NEWS/NORFOLK, VA",Norfolk International Terminals,L005,SPIRIT OF MELBOURNE,9362413
CSLU6103272,"CHARLESTON, SC",South Carolina Ports,L391,NORTHERN JADE,9294991
MEDU9528521,"NEW YORK, NY",APM - PE,E425,WAN HAI 265,9230232
TLLU2585082,"LOS ANGELES, CA",Fenix Marine Services,Y257,SM KAVERI,9236042
WHLU5792909,"OAKLAND, CA",ETS Oakland,Y738,COSCO BOSTON,9335173
MRKU2373455,"SAVANNAH, GA",Garden City Terminal,L737,HYUNDAI GRACE,9330721
CMAU6373346,"LOS ANGELES, CA",Fenix Marine Services,Y257,SM KAVERI,9236042
MEDU9530513,"WILMINGTON, NC",WILMINGTON,L194,MP THE GRONK,9289960
WHSU5454825,"TACOMA, WA",Washington United Terminal,Z705,MSC CANBERRA,9102722
WHSU5078116,"NEW ORLEANS, LA",New Orleans Terminal,Q795,GENOVA,5128235
CAAU5138286,"SAINT JOHN, NB",DP World Terminal,DPW_SJ,NORDPANTHER,9673654
WHSU5506750,"PORT EVERGLADES, FL",Florida International Terminal,,ETE N,9509126
WHSU5665670,"NEW YORK, NY",GCT - NY,E005,POLAR ARGENTINA,9797204
WHSU2092189,"BOSTON, MA",CONLEY,A295,MSC EMMA,9463047
WHSU6530365,"BOSTON, MA",CONLEY,A295,MSC EMMA,9463047
CAAU5683022,"WASHINGTON INT/BALTIMORE, MD",Port of Baltimore,C324,MSC BRANKA,9720495
TCKU6077130,"VANCOUVER, BC",Vancouver CENTERM,,PARIS EXPRESS,9038919
TCNU1256630,"WASHINGTON INT/BALTIMORE, MD",Port of Baltimore,C324,MSC BRANKA,9720495
MRKU5749799,"NEW YORK, NY",GCT - NJ,E364,MSC APOLLO,9247730
QLNZ1351025,"OAKLAND, CA",TRAPAC - OAK,Y549,XIN XIA MEN,9270476
SUDU8987923,"NEWPORT NEWS/NORFOLK, VA",Port of Virginia,,WAN HAI 161,9132894
WHLU5522987,"OAKLAND, CA",TRAPAC - OAK,Y549,WAN HAI 171,9380257
WHSU5064180,"OAKLAND, CA",Matson - OAK,W614,COSCO FOS,9484302
CBHU8631283,"OAKLAND, CA",OICT,Z985,HAYLING ISLAND,9315886
MSMU7709231,"OAKLAND, CA",Matson - OAK,W614,COSCO FOS,9484302
MSMU7713437,"MIAMI, FL",SFCT,N775,MARIBO MAERSK,9619969
WHSU5442742,"TACOMA, WA",TCT - TAC,X215,MATHILDE MAERSK,9632179
SUDU8941373,"PORT EVERGLADES, FL",Florida International Terminal,,XIN HANG ZHOU,9523017
PONU7408330,"HOUSTON, TX",BARBOURS CUT,S787,MSC PILAR,8715871
EMCU1453647,"OAKLAND, CA",OICT,Z985,HAYLING ISLAND,9315886
KOCU4512418,"HALIFAX, NS",South End Container Terminal (PSA Halifax),,JOGELA,9619402
KOCU4175981,"HOUSTON, TX",BARBOURS CUT,S787,MSC PILAR,8715871
WHLU4312986,"CHARLESTON, SC",South Carolina Ports,L391,EVER BOOMY,9787015
TEMU7252226,"NEWPORT NEWS/NORFOLK, VA",Port of Virginia,,CMA CGM URAL,9705079
MEDU4517102,"HOUSTON, TX",BARBOURS CUT,S787,WAN HAI 301,9238155
CAIU7277283,"CHARLESTON, SC",North Charleston Terminal,L391,ULSAN EXPRESS,9613020
MSKU0182575,"HOUSTON, TX",BARBOURS CUT,S787,MSC PILAR,8715871
GCXU5028214,"NEW YORK, NY",APM - PE,E425,WAN HAI 265,9230232
MRKU9705799,"HOUSTON, TX",BARBOURS CUT,S787,MSC PILAR,8715871
HLBU2391296,"CHARLESTON, SC",Wando Welch Terminal,N598,APL RAFFLES,9631979
CBHU8993533,"LOS ANGELES, CA",SSA Marine - C60,Y377,APL SANTIAGO,9597563
TCLU4783258,"LOS ANGELES, CA",TRAPAC - LA,Y258,YORK,4063232
MSKU0662640,"NEWPORT NEWS/NORFOLK, VA",Virginia International Gateway,N195,LEDA MAERSK,9190755
BMOU4933536,"CHARLESTON, SC",North Charleston Terminal,L391,ELBSEA,9429273
MRKU9242014,"CHARLESTON, SC",South Carolina Ports,L391,EVER BOOMY,9787015
BMOU5315830,"LOS ANGELES, CA",PCT,W182,GRACE BRIDGE,9292266
TGHU8918730,"NEWPORT NEWS/NORFOLK, VA",Port of Virginia,,WAN HAI 161,9132894
HASU5105253,"BOSTON, MA",CONLEY,A295,JPO LIBRA,9297840
ZCSU7255180,"MIAMI, FL",POMTOC,L239,HANSA MAGDEBURG,9256377
BEAU4209146,"OAKLAND, CA",TRAPAC - OAK,Y549,CONTI CORDOBA,9349801
HLBU2074584,"LOS ANGELES, CA",YTI - LA,Y790,BOX EXPRESS,9733832
CMAU5068224,"PRINCE RUPERT, BC",Fairview Container Terminal,,VICTORY VOYAGER,9168245
OOCU6411925,"TACOMA, WA",TOTE Maritime Alaska Terminal,X339,MAERSK HAMBURG,9784312
ZCSU7106102,"NEW ORLEANS, LA",NAPOLEON,P260,SEATTLE EXPRESS,9348687
CBHU9579488,"HALIFAX, NS",South End Container Terminal (PSA Halifax),,JOGELA,9619402
BEAU5274085,"WASHINGTON INT/BALTIMORE, MD",Port of Baltimore,C324,ALION,9238882
MSMU7700949,"WASHINGTON INT/BALTIMORE, MD",Port of Baltimore,C324,MSC MARGARITA,9238741
TRHU5190936,"NEW YORK, NY",PNCT,F577,GSL GRANIA,9285653
ZCSU2708703,"OAKLAND, CA",Matson - OAK,W614,SARERA,9157404
CAIU4947308,"LOS ANGELES, CA",PIER A,Z978,ATLANTIC OCEAN,8612990
CAIU9819655,"TACOMA, WA",Washington United Terminal,Z705,MSC CANBERRA,9102722
WHSU6012920,"NEWPORT NEWS/NORFOLK, VA",Port of Virginia,,WAN HAI 161,9132894
WHSU6527818,"WILMINGTON, NC",WILMINGTON,L194,MP THE GRONK,9289960
WHSU6131154,"OAKLAND, CA",TRAPAC - OAK,Y549,XIN XIA MEN,9270476
MSDU7116800,"TAMPA, FL",Port of Tampa Container Terminal,M669,HAIAN TIME,9245158
ZCSU8967580,"LOS ANGELES, CA",YTI - LA,Y790,ITAL LAGUNA,9322463
TEMU6867463,"NEW ORLEANS, LA",NAPOLEON,P260,SEATTLE EXPRESS,9348687
CMAU5625295,"MIAMI, FL",Seaboard Marine,,XIN CANG ZHOU,9523093
OOCU7072240,"PORT EVERGLADES, FL",Florida International Terminal,,ETE N,9509126
MSDU7792002,"NEWPORT NEWS/NORFOLK, VA",Port of Virginia,,CMA CGM URAL,9705079
WHSU6085779,"OAKLAND, CA",ETS Oakland,Y738,COSCO SHIPPING VIRGO,9783461
WHSU5763341,"LOS ANGELES, CA",PIER A,Z978,SONATA,6829719
GESU5049034,"LOS ANGELES, CA",SSA Marine - C60,Y377,APL SANTIAGO,9597563
WHSU5079555,"NEWPORT NEWS/NORFOLK, VA",Norfolk International Terminals,L005,SPIRIT OF MELBOURNE,9362413
TLLU2766199,"LOS ANGELES, CA",TRAPAC - LA,Y258,MAERSK IDAHO,9193264
WHSU5705849,"HOUSTON, TX",BARBOURS CUT,S787,WAN HAI 301,9238155
UETU5156024,"LOS ANGELES, CA",PCT,W182,MSC GAYANE,9770763
BBTU8684680,"SEATTLE, WA",SSA Terminal 30,X117,RIO NEGRO,5296276
WHSU5336484,"NEWPORT NEWS/NORFOLK, VA",Norfolk International Terminals,L005,SPIRIT OF MELBOURNE,9362413
BMOU4961414,"CHARLESTON, SC",South Carolina Ports,L391,EVER BOOMY,9787015
HMMU6044536,"HOUSTON, TX",BARBOURS CUT,S787,WAN HAI 301,9238155
WHLU4290995,"OAKLAND, CA",OICT,Z985,TASMAN,7018460
WHSU5319960,"MIAMI, FL",Seaboard Marine,,XIN CANG ZHOU,9523093
WHSU6527649,"HALIFAX, NS",South End Container Terminal (PSA Halifax),,JOGELA,9619402
FSCU8505410,"NEW ORLEANS, LA",New Orleans Terminal,Q795,WAN HAI 305,9238181
CCLU7047552,"OAKLAND, CA",Matson - OAK,W614,TRUONG HAI STAR 2,9419606
WHSU5129677,"JACKSONVILLE, FL",Blount Island Marine Terminal,N296,YM HARMONY,9299329
CAIU8045410,"NEW YORK, NY",APM - PE,E425,WAN HAI 265,9230232
WHSU5769566,"CHARLESTON, SC",South Carolina Ports,L391,NORTHERN JADE,9294991
DFSU6756133,"OAKLAND, CA",TRAPAC - OAK,Y549,WAN HAI 171,9380257
SUDU6734058,"NEW ORLEANS, LA",New Orleans Terminal,Q795,WAN HAI 305,9238181
WHSU6527551,"HOPEWELL, VA",Richmond Marine Terminal,LAQ4,CALISTO,9306067
EITU1507159,"PORT EVERGLADES, FL",Port Everglades,N751,IKARIA,6411380
TGBU6701976,"TACOMA, WA",TOTE Maritime Alaska Terminal,X339,MAERSK HAMBURG,9784312
WHLU5812292,"OAKLAND, CA",Matson - OAK,W614,CAPE FELTON,9379375
DFSU1198110,"LOS ANGELES, CA",SSA Marine - C60,Y377,IRENES ROSE,9363417
FSCU8808463,"SAINT JOHN, NB",DP World Terminal,DPW_SJ,NORDPANTHER,9673654
WHSU5246565,"NEW YORK, NY",REDHOOK,E026,MISSISSAUGA EXPRESS,9165358
TCLU3367641,"OAKLAND, CA",Matson - OAK,W614,SARERA,9157404
MSMU8154858,"LOS ANGELES, CA",APM - LA,W185,MSC RAVENNA,9484431
CAIU7135000,"HOPEWELL, VA",Richmond Marine Terminal,LAQ4,CALISTO,9306067
MEDU8952896,"PRINCE RUPERT, BC",Fairview Container Terminal,,VICTORY VOYAGER,9168245
TCNU6321127,"PORT EVERGLADES, FL",Port Everglades,N751,IKARIA,6411380
SEGU4283171,"LOS ANGELES, CA",YTI - LA,Y790,XIN RI ZHAO,9312561
MRKU3891612,"NEW YORK, NY",PNCT,F577,GSL GRANIA,9285653
BEAU4511480,"TAMPA, FL",Port of Tampa Container Terminal,M669,HAIAN TIME,9245158
DFSU7166620,"CHARLESTON, SC",Wando Welch Terminal,N598,MSC POH LIN,9279977
TCNU1322440,"MIAMI, FL",SFCT,N775,MSC NICOLE,8509387
TCNU7207736,"VANCOUVER, BC",Vancouver CENTERM,,PARIS EXPRESS,9038919
MSCU5020480,"TACOMA, WA",TCT - TAC,X215,MATHILDE MAERSK,9632179
BEAU5208484,"OAKLAND, CA",Matson - OAK,W614,TRUONG HAI STAR 2,9419606
CSLU6003946,"NEW YORK, NY",PNCT,F577,GSL GRANIA,9285653
SEGU1416080,"NEW YORK, NY",REDHOOK,E026,MISSISSAUGA EXPRESS,9165358
GCXU5364116,"OAKLAND, CA",OICT,Z985,HAYLING ISLAND,9315886
WHLU5681926,"LOS ANGELES, CA",Fenix Marine Services,Y257,SM KAVERI,9236042
CMAU1545838,"CHARLESTON, SC",Wando Welch Terminal,N598,AS RAFAELA,9330939
TRHU3902672,"LOS ANGELES, CA",PIER A,Z978,SONATA,6829719
TEMU7836512,"NEW ORLEANS, LA",New Orleans Terminal,Q795,MSC ISHYKA,9154206
BEAU2046230,"SAVANNAH, GA",Garden City Terminal,L737,HYUNDAI GRACE,9330721
BMOU6659240,"LOS ANGELES, CA",TRAPAC - LA,Y258,YORK,4063232
CAIU9197124,"HOUSTON, TX",BARBOURS CUT,S787,VIMC PIONEER,9167514
BSIU9463913,"OAKLAND, CA",ETS Oakland,Y738,COSCO SHIPPING VIRGO,9783461
CBHU7036901,"OAKLAND, CA",OICT,Z985,TASMAN,7018460
CSNU4023323,"TAMPA, FL",Port of Tampa Container Terminal,M669,HAIAN TIME,9245158
CBHU8670000,"LOS ANGELES, CA",PIER A,Z978,SONATA,6829719
TEMU5111430,"SAVANNAH, GA",Garden City Terminal,L737,HYUNDAI GRACE,9330721
BMOU4938604,"NEW YORK, NY",APM - PE,E425,MAERSK SERANGOON,9315214
WHLU4167804,"LOS ANGELES, CA",APM - LA,W185,EASLINE QINGDAO,9221059
WHLU5507658,"OAKLAND, CA",TRAPAC - OAK,Y549,XIN XIA MEN,9270476
TCLU7925504,"TAMPA, FL",Port of Tampa Container Terminal,M669,HAIAN TIME,9245158
XINU8237860,"LOS ANGELES, CA",PIER A,Z978,SONATA,6829719
BEAU4811657,"NEW YORK, NY",Maher,E416,MSC RIFAYA,9767388
OOLU9368304,"WASHINGTON INT/BALTIMORE, MD",Port of Baltimore,C324,ALION,9238882
HMMU6223001,"OAKLAND, CA",ETS Oakland,Y738,COSCO SHIPPING VIRGO,9783461
MSDU7204109,"PRINCE RUPERT, BC",Fairview Container Terminal,,VICTORY VOYAGER,9168245
WHLU5745635,"NEW ORLEANS, LA",New Orleans Terminal,Q795,GENOVA,5128235
CCLU6968130,"CHARLESTON, SC",Wando Welch Terminal,N598,AS RAFAELA,9330939
KOCU2209254,"CHARLESTON, SC",North Charleston Terminal,L391,ELBSEA,9429273
NYKU4828332,"LOS ANGELES, CA",TRAPAC - LA,Y258,YORK,4063232
MSCU5292642,"LOS ANGELES, CA",APM - LA,W185,EASLINE QINGDAO,9221059
WHLU0265762,"HOUSTON, TX",BARBOURS CUT,S787,WAN HAI 301,9238155
TEMU6507317,"TACOMA, WA",Washington United Terminal,Z705,MSC CANBERRA,9102722
CSLU1317517,"SEATTLE, WA",SSA Terminal 30,X117,RIO NEGRO,5296276
BSIU9384692,"MIAMI, FL",Seaboard Marine,,WAN HAI 172,9380269
FCIU8249520,"WASHINGTON INT/BALTIMORE, MD",Port of Baltimore,C324,MSC BRANKA,9720495
PONU7290170,"LOS ANGELES, CA",Fenix Marine Services,Y257,ELBFEEDER,9388522
SZLU9328781,"LOS ANGELES, CA",PCT,W182,GRACE BRIDGE,9292266
DFSU7674446,"LOS ANGELES, CA",YTI - LA,Y790,XIN SU ZHOU,9262144
ZCSU7381070,"JACKSONVILLE, FL",Blount Island Marine Terminal,N296,INLAND TRANSPORT,5367441
HMMU9017299,"LOS ANGELES, CA",PIER A,Z978,ATLANTIC OCEAN,8612990
FFAU2720126,"LOS ANGELES, CA",YTI - LA,Y790,BOX EXPRESS,9733832
MSDU7189750,"SAVANNAH, GA",Garden City Terminal,L737,HYUNDAI GRACE,9330721
MSCU7378600,"LOS ANGELES, CA",SSA Marine - C60,Y377,IRENES ROSE,9363417
MSCU5102681,"OAKLAND, CA",ETS Oakland,Y738,COSCO SHIPPING VIRGO,9783461
CSNU4089378,"CHARLESTON, SC",South Carolina Ports,L391,EVER BOOMY,9787015
MSKU8430493,"LOS ANGELES, CA",SSA Marine - C60,Y377,APL SANTIAGO,9597563
WHSU5813191,"TAMPA, FL",Port of Tampa Container Terminal,M669,HAIAN TIME,9245158
BEAU5982762,"CHARLESTON, SC",North Charleston Terminal,L391,ULSAN EXPRESS,9613020
HLBU1052641,"MIAMI, FL",Seaboard Marine,,XIN CANG ZHOU,9523093
APZU4915653,"TACOMA, WA",Washington United Terminal,Z705,MSC CANBERRA,9102722
CCLU7736762,"LOS ANGELES, CA",APM - LA,W185,EASLINE QINGDAO,9221059
CBHU6030160,"CHARLESTON, SC",South Carolina Ports,L391,NORTHERN JADE,9294991
MSKU0985962,"NEW ORLEANS, LA",New Orleans Terminal,Q795,WAN HAI 305,9238181
TEMU8131548,"NEW ORLEANS, LA",NAPOLEON,P260,SEATTLE EXPRESS,9348687
TEMU5346692,"TAMPA, FL",Port of Tampa Container Terminal,M669,EXPRESS ARGENTINA,9443011
BSIU9532784,"OAKLAND, CA",TRAPAC - OAK,Y549,XIN XIA MEN,9270476
TCNU9418260,"PORT EVERGLADES, FL",Port Everglades,N751,MAERSK HANGZHOU,9784300
BMOU4938604,"TACOMA, WA", West Sitcum Terminal,X335,ALEXANDER BAY,9238777
MSCU7793052,"WILMINGTON, NC",WILMINGTON,L194,NAWATA BHUM,9365685
SUDU6705790,"HOUSTON, TX",BARBOURS CUT,S787,MSC PILAR,8715871
MRSU3908472,"LOS ANGELES, CA",PIER A,Z978,SONATA,6829719
TEMU7136247,"LOS ANGELES, CA",WBCT,Y773,KOTA LAWA,9439709
TCKU7541630,"OAKLAND, CA",Matson - OAK,W614,SARERA,9157404
WHSU5507479,"TACOMA, WA",ETS - TAC,,WAN HAI 307,9237096
WHSU5666090,"CHARLESTON, SC",Wando Welch Terminal,N598,APL RAFFLES,9631979
WHSU5201909,"OAKLAND, CA",TRAPAC - OAK,Y549,XIN XIA MEN,9270476
HJMU4938483,"TACOMA, WA",TOTE Maritime Alaska Terminal,X339,MAERSK HAMBURG,9784312
YMMU6254885,"NEW YORK, NY",GCT - NJ,E364,MSC APOLLO,9247730
MOTU1413404,"NEW ORLEANS, LA",New Orleans Terminal,Q795,WAN HAI 305,9238181
SUDU8873860,"OAKLAND, CA",Matson - OAK,W614,TRUONG HAI STAR 2,9419606
PONU7828625,"LOS ANGELES, CA",SSA Marine - C60,Y377,IRENES ROSE,9363417
WHSU5957326,"WASHINGTON INT/BALTIMORE, MD",Port of Baltimore,C324,MSC BRANKA,9720495
OOCU7655443,"CHARLESTON, SC",North Charleston Terminal,L391,ULSAN EXPRESS,9613020
WHLU5729697,"TAMPA, FL",Port of Tampa Container Terminal,M669,CAPE FORBY,9356842
WHSU5394900,"LOS ANGELES, CA",Fenix Marine Services,Y257,SM KAVERI,9236042
SEGU3051504,"OAKLAND, CA",TRAPAC - OAK,Y549,XIN XIA MEN,9270476
TCKU7471322,"NEW YORK, NY",Maher,E416,MSC RIFAYA,9767388
MSMU5167039,"CHARLESTON, SC",South Carolina Ports,L391,EVER BOOMY,9787015
CMAU5607666,"PORT EVERGLADES, FL",Florida International Terminal,,ETE N,9509126
SEGU5251409,"LOS ANGELES, CA",PIER A,Z978,SONATA,6829719
BEAU5988312,"CHARLESTON, SC",North Charleston Terminal,L391,ELBSEA,9429273
ZCSU7049147,"TACOMA, WA",ETS - TAC,,WAN HAI 307,9237096
OOLU8781397,"HOUSTON, TX",BCT,V136,EVER DAINTY,9134232
MSKU0130669,"NEW YORK, NY",APM - PE,E425,MAERSK SERANGOON,9315214
SUDU6754990,"PORT EVERGLADES, FL",Port Everglades,N751,IKARIA,6411380
APHU7077232,"TAMPA, FL",Port of Tampa Container Terminal,M669,HAIAN TIME,9245158
ONEU0086696,"WILMINGTON, NC",WILMINGTON,L194,NAWATA BHUM,9365685
TGBU7149809,"OAKLAND, CA",Matson - OAK,W614,TRUONG HAI STAR 2,9419606
OOLU7543861,"SAVANNAH, GA",Garden City Terminal,L737,MSC VIVIANA,7034816
OOLU9592802,"NEW ORLEANS, LA",NAPOLEON,P260,SEATTLE EXPRESS,9348687
YMMU6315635,"BOSTON, MA",CONLEY,A295,MSC EMMA,9463047
CAIU4278990,"LOS ANGELES, CA",YTI - LA,Y790,BOX EXPRESS,9733832
TCLU2806502,"TACOMA, WA",TOTE Maritime Alaska Terminal,X339,MAERSK HAMBURG,9784312
TCNU4994670,"NEW ORLEANS, LA",NAPOLEON,P260,SEATTLE EXPRESS,9348687
MRKU3393651,"PORT EVERGLADES, FL",Florida International Terminal,,ETE N,9509126
WHLU5664765,"LOS ANGELES, CA",TRAPAC - LA,Y258,YORK,4063232
DFSU1991593,"PORT EVERGLADES, FL",Port Everglades,N751,MAERSK HANGZHOU,9784300
SUDU6726936,"BOSTON, MA",CONLEY,A295,MSC EMMA,9463047
MEDU2843291,"PORT EVERGLADES, FL",Florida International Terminal,,ETE N,9509126
WHSU6689613,"TACOMA, WA",TCT - TAC,X215,MATHILDE MAERSK,9632179
TEMU7466296,"MIAMI, FL",Seaboard Marine,,WAN HAI 172,9380269
BSIU9902831,"OAKLAND, CA",ETS Oakland,Y738,COSCO BOSTON,9335173
WHSU5370724,"HALIFAX, NS",South End Container Terminal (PSA Halifax),,JOGELA,9619402
TGBU5916500,"WASHINGTON INT/BALTIMORE, MD",Port of Baltimore,C324,MSC MARGARITA,9238741
WHLU0511146,"MIAMI, FL",Seaboard Marine,,WAN HAI 172,9380269
TEMU7466296,"LOS ANGELES, CA",PIER A,Z978,ATLANTIC OCEAN,8612990
HASU4363612,"LOS ANGELES, CA",APM - LA,W185,EASLINE QINGDAO,9221059
WHSU5130385,"NEW YORK, NY",APM - PE,E425,WAN HAI 265,9230232
WHSU2161783,"LOS ANGELES, CA",Fenix Marine Services,Y257,ELBFEEDER,9388522
TCLU5163328,"NEWPORT NEWS/NORFOLK, VA",Port of Virginia,,CMA CGM URAL,9705079
WHLU5581450,"TAMPA, FL",Port of Tampa Container Terminal,M669,CAPE FORBY,9356842
DFSU7759224,"LOS ANGELES, CA",SSA Marine - C60,Y377,IRENES ROSE,9363417
DFSU7119973,"CHARLESTON, SC",South Carolina Ports,L391,NORTHERN JADE,9294991
FCIU8770158,"NEWPORT NEWS/NORFOLK, VA",Norfolk International Terminals,L005,SPIRIT OF MELBOURNE,9362413
CCLU7447369,"LOS ANGELES, CA",APM - LA,W185,MSC RAVENNA,9484431
ZCSU2619458,"NEWPORT NEWS/NORFOLK, VA",Virginia International Gateway,N195,LEDA MAERSK,9190755
TRHU4021356,"HOUSTON, TX",BCT,V136,EVER DAINTY,9134232
MSMU6405091,"BOSTON, MA",CONLEY,A295,JPO LIBRA,9297840
TCNU7068435,"OAKLAND, CA",ETS Oakland,Y738,COSCO SHIPPING VIRGO,9783461
MSMU7340539,"MIAMI, FL",SFCT,N775,MSC NICOLE,8509387
MSKU8706540,"NEW YORK, NY",GCT - NY,E005,NORTHERN VOLITION,9304978
PONU8266498,"LOS ANGELES, CA",Fenix Marine Services,Y257,SM KAVERI,9236042
MRSU3283045,"LOS ANGELES, CA",APM - LA,W185,WAN HAI 216,9059145
MRSU3281802,"NEW YORK, NY",GCT - NJ,E364,MSC APOLLO,9247730
SEGU4882267,"LOS ANGELES, CA",APM - LA,W185,WAN HAI 216,9059145
TCNU1170521,"HOUSTON, TX",BCT,V136,MSC CANDICE,9339284
WHLU5498730,"PORT EVERGLADES, FL",Florida International Terminal,,ETE N,9509126
TCNU6234784,"OAKLAND, CA",Matson - OAK,W614,CAPE FELTON,9379375
HMMU6084610,"NEW YORK, NY",GCT - NY,E005,POLAR ARGENTINA,9797204
NYKU5162282,"NEWPORT NEWS/NORFOLK, VA",Norfolk International Terminals,L005,STEEN,5339767
HASU4749652,"SAINT JOHN, NB",DP World Terminal,DPW_SJ,NORDPANTHER,9673654
SMCU1128086,"TAMPA, FL",Port of Tampa Container Terminal,M669,EXPRESS ARGENTINA,9443011
CAIU4553963,"LOS ANGELES, CA",SSA Marine - C60,Y377,APL SANTIAGO,9597563
NYKU4326226,"NEW YORK, NY",APM - PE,E425,MAERSK SERANGOON,9315214
UACU5246571,"BOSTON, MA",CONLEY,A295,MSC EMMA,9463047
WHSU2161783,"SAVANNAH, GA",Garden City Terminal,L737,MSC VIVIANA,7034816
FCIU7594141,"NEW YORK, NY",APM - PE,E425,WAN HAI 265,9230232
WHSU5052786,"LOS ANGELES, CA",PCT,W182,MSC GAYANE,9770763
YMLU9023886,"LOS ANGELES, CA",YTI - LA,Y790,ITAL LAGUNA,9322463
HPCU4108956,"NEW YORK, NY",GCT - NJ,E364,MSC APOLLO,9247730
TCKU2185780,"OAKLAND, CA",ETS Oakland,Y738,ONE MANEUVER,9475648
MSMU5167152,"OAKLAND, CA",Matson - OAK,W614,COSCO FOS,9484302
DFSU7725374,"NEWPORT NEWS/NORFOLK, VA",Port of Virginia,,WAN HAI 161,9132894
OOCU7830968,"WILMINGTON, NC",WILMINGTON,L194,OOCL BANGKOK,9627978
TCKU6541699,"HALIFAX, NS",South End Container Terminal (PSA Halifax),,JOGELA,9619402
SEGU5270055,"OAKLAND, CA",TRAPAC - OAK,Y549,WAN HAI 171,9380257
CARU9628233,"NEWPORT NEWS/NORFOLK, VA",Norfolk International Terminals,L005,SPIRIT OF MELBOURNE,9362413
WHSU5730796,"TACOMA, WA",Washington United Terminal,Z705,MSC CANBERRA,9102722
MAGU5618629,"WASHINGTON INT/BALTIMORE, MD",Port of Baltimore,C324,MSC MARGARITA,9238741
YMLU8874238,"NEWPORT NEWS/NORFOLK, VA",Norfolk International Terminals,L005,STEEN,5339767
TGBU6453118,"WASHINGTON INT/BALTIMORE, MD",Port of Baltimore,C324,MSC MARGARITA,9238741
YMLU8898918,"LOS ANGELES, CA",PIER A,Z978,SONATA,6829719
CMAU5238906,"OAKLAND, CA",TRAPAC - OAK,Y549,WAN HAI 171,9380257
MEDU9537441,"NEW YORK, NY",REDHOOK,E026,MISSISSAUGA EXPRESS,9165358
EISU9336927,"NEW YORK, NY",GCT - NY,E005,POLAR ARGENTINA,9797204
FSCU8162394,"LOS ANGELES, CA",PIER A,Z978,ATLANTIC OCEAN,8612990
HLBU1757457,"OAKLAND, CA",TRAPAC - OAK,Y549,XIN XIA MEN,9270476
MOFU5827310,"CHARLESTON, SC",South Carolina Ports,L391,NORTHERN JADE,9294991
MSKU6594918,"OAKLAND, CA",ETS Oakland,Y738,ONE MANEUVER,9475648
HLBU1277571,"BOSTON, MA",CONLEY,A295,JPO LIBRA,9297840
WHSU6368383,"LOS ANGELES, CA",PCT,W182,MSC GAYANE,9770763
SEGU4522928,"NEWPORT NEWS/NORFOLK, VA",Norfolk International Terminals,L005,STEEN,5339767
MSDU8184938,"LOS ANGELES, CA",SSA Marine - C60,Y377,APL SANTIAGO,9597563
BEAU6318486,"JACKSONVILLE, FL",Blount Island Marine Terminal,N296,YM HARMONY,9299329
OOLU1247712,"LOS ANGELES, CA",PIER A,Z978,ATLANTIC OCEAN,8612990
UETU2607741,"WASHINGTON INT/BALTIMORE, MD",Port of Baltimore,C324,MSC BRANKA,9720495
CAIU9918175,"NEW YORK, NY",REDHOOK,E026,MISSISSAUGA EXPRESS,9165358
CAAU5342387,"HALIFAX, NS",South End Container Terminal (PSA Halifax),,JOGELA,9619402
FCIU8720291,"LOS ANGELES, CA",TRAPAC - LA,Y258,YORK,4063232
MEDU9531464,"HOUSTON, TX",BCT,V136,EVER DAINTY,9134232
DRYU9540764,"OAKLAND, CA",TRAPAC - OAK,Y549,XIN XIA MEN,9270476
EMCU9893663,"CHARLESTON, SC",South Carolina Ports,L391,NORTHERN JADE,9294991
MRKU5084369,"NEWPORT NEWS/NORFOLK, VA",Port of Virginia,,WAN HAI 161,9132894
CMAU7810380,"TACOMA, WA", West Sitcum Terminal,X335,ALEXANDER BAY,9238777
TCNU9484344,"BOSTON, MA",CONLEY,A295,MSC EMMA,9463047
WHLU4287409,"WILMINGTON, NC",WILMINGTON,L194,NAWATA BHUM,9365685
MEDU9531802,"PORT EVERGLADES, FL",Florida International Terminal,,XIN HANG ZHOU,9523017
MSMU7647119,"LOS ANGELES, CA",PIER A,Z978,ATLANTIC OCEAN,8612990
OOLU1850876,"WILMINGTON, NC",WILMINGTON,L194,MP THE GRONK,9289960
EGHU9220539,"OAKLAND, CA",Matson - OAK,W614,TRUONG HAI STAR 2,9419606
MEDU7471495,"OAKLAND, CA",ETS Oakland,Y738,ONE MANEUVER,9475648
CMAU8342874,"CHARLESTON, SC",South Carolina Ports,L391,EVER BOOMY,9787015
SUDU6559422,"TACOMA, WA",TOTE Maritime Alaska Terminal,X339,MAERSK HAMBURG,9784312
MEDU2406476,"CHARLESTON, SC",Wando Welch Terminal,N598,AS RAFAELA,9330939
SEGU2918674,"OAKLAND, CA",TRAPAC - OAK,Y549,XIN XIA MEN,9270476
SUDU6968360,"TACOMA, WA",TOTE Maritime Alaska Terminal,X339,MAERSK HAMBURG,9784312
GCXU2159777,"HOUSTON, TX",BCT,V136,EVER DAINTY,9134232
INKU2637725,"TACOMA, WA", West Sitcum Terminal,X335,LANTAU BAY,9383596
TCKU6316070,"MIAMI, FL",POMTOC,L239,HANSA MAGDEBURG,9256377
WHSU6085300,"NEW ORLEANS, LA",New Orleans Terminal,Q795,WAN HAI 305,9238181
PCIU0187041,"NEW YORK, NY",REDHOOK,E026,MISSISSAUGA EXPRESS,9165358
MEDU8731160,"OAKLAND, CA",Matson - OAK,W614,COSCO FOS,9484302
FCIU5950860,"CHARLESTON, SC",South Carolina Ports,L391,NORTHERN JADE,9294991
FCIU9968209,"LOS ANGELES, CA",SSA Marine - C60,Y377,APL SANTIAGO,9597563
CMAU9110066,"LOS ANGELES, CA",TRAPAC - LA,Y258,MAERSK IDAHO,9193264
CMAU6784183,"NEW YORK, NY",GCT - NJ,E364,MSC APOLLO,9247730
WHSU5501193,"LOS ANGELES, CA",PCT,W182,GRACE BRIDGE,9292266
WHSU6050303,"LOS ANGELES, CA",PIER A,Z978,ATLANTIC OCEAN,8612990
MEDU8382915,"BOSTON, MA",CONLEY,A295,MSC EMMA,9463047
CAIU9746219,"WASHINGTON INT/BALTIMORE, MD",Port of Baltimore,C324,MSC BRANKA,9720495
MSMU7112930,"LOS ANGELES, CA",APM - LA,W185,EASLINE QINGDAO,9221059
ECMU9804270,"WASHINGTON INT/BALTIMORE, MD",Port of Baltimore,C324,MSC BRANKA,9720495
YMMU4160730,"LOS ANGELES, CA",PIER A,Z978,ATLANTIC OCEAN,8612990
TCNU7844014,"HOUSTON, TX",BARBOURS CUT,S787,WAN HAI 301,9238155
CAIU7241737,"WILMINGTON, NC",WILMINGTON,L194,MP THE GRONK,9289960
DRYU9667424,"TAMPA, FL",Port of Tampa Container Terminal,M669,HAIAN TIME,9245158
TGBU5541209,"JACKSONVILLE, FL",Blount Island Marine Terminal,N296,INLAND TRANSPORT,5367441
MSKU5229850,"OAKLAND, CA",Matson - OAK,W614,COSCO FOS,9484302
HLBU2916039,"WASHINGTON INT/BALTIMORE, MD",Port of Baltimore,C324,MSC BRANKA,9720495
FCIU5150981,"LOS ANGELES, CA",Fenix Marine Services,Y257,ELBFEEDER,9388522
TGHU6019612,"HOUSTON, TX",BCT,V136,EVER DAINTY,9134232
WHLU5687098,"HOUSTON, TX",BARBOURS CUT,S787,MSC ELENI,9278143
FFAU4039343,"NEW ORLEANS, LA",NAPOLEON,P260,SEATTLE EXPRESS,9348687
WHSU5467329,"LOS ANGELES, CA",TRAPAC - LA,Y258,YORK,4063232
CAIU8347702,"OAKLAND, CA",TRAPAC - OAK,Y549,WAN HAI 171,9380257
FSCU8468342,"LOS ANGELES, CA",TRAPAC - LA,Y258,YORK,4063232
MRKU6186431,"WILMINGTON, NC",WILMINGTON,L194,NAWATA BHUM,9365685
CMAU4731775,"PORT EVERGLADES, FL",Port Everglades,N751,MAERSK HANGZHOU,9784300
FFAU2932275,"TACOMA, WA",TOTE Maritime Alaska Terminal,X339,MAERSK HAMBURG,9784312
TLLU8625330,"SAVANNAH, GA",Garden City Terminal,L737,MSC VIVIANA,7034816
CMAU6764021,"HOUSTON, TX",BARBOURS CUT,S787,MSC ELENI,9278143
TRHU1887711,"CHARLESTON, SC",North Charleston Terminal,L391,ULSAN EXPRESS,9613020
TGHU4900184,"CHARLESTON, SC",Wando Welch Terminal,N598,APL RAFFLES,9631979
WHSU5628059,"LOS ANGELES, CA",PIER A,Z978,ATLANTIC OCEAN,8612990
PCIU1915809,"HOPEWELL, VA",Richmond Marine Terminal,LAQ4,CALISTO,9306067
OOLU2969643,"OAKLAND, CA",TRAPAC - OAK,Y549,CONTI CORDOBA,9349801
TCKU4601741,"HALIFAX, NS",South End Container Terminal (PSA Halifax),,JOGELA,9619402
MEDU9546891,"TACOMA, WA", West Sitcum Terminal,X335,ALEXANDER BAY,9238777
MEDU9552739,"LOS ANGELES, CA",YTI - LA,Y790,ITAL LAGUNA,9322463
WHSU5427049,"LOS ANGELES, CA",PCT,W182,GRACE BRIDGE,9292266
MSKU9144283,"NEWPORT NEWS/NORFOLK, VA",Virginia International Gateway,N195,LEDA MAERSK,9190755
WHSU5364850,"OAKLAND, CA",Matson - OAK,W614,COSCO FOS,9484302
MEDU4856934,"NEW YORK, NY",GCT - NY,E005,POLAR ARGENTINA,9797204
SMCU1058944,"LOS ANGELES, CA",APM - LA,W185,BG SAPPHIRE,9803699
BMOU3088194,"NEW ORLEANS, LA",NAPOLEON,P260,SEATTLE EXPRESS,9348687
WHLU5571148,"WASHINGTON INT/BALTIMORE, MD",Port of Baltimore,C324,MSC MARGARITA,9238741
CMAU3254786,"LOS ANGELES, CA",PIER A,Z978,SONATA,6829719
WHSU5593780,"CHARLESTON, SC",North Charleston Terminal,L391,ELBSEA,9429273
CMAU6428599,"TAMPA, FL",Port of Tampa Container Terminal,M669,CAPE FORBY,9356842
TRHU8216649,"LOS ANGELES, CA",YTI - LA,Y790,BOX EXPRESS,9733832
MRSU3224546,"HOUSTON, TX",BCT,V136,EVER DAINTY,9134232
TEMU6353567,"LOS ANGELES, CA",Fenix Marine Services,Y257,ELBFEEDER,9388522
SMCU1169676,"HOUSTON, TX",BARBOURS CUT,S787,VIMC PIONEER,9167514
ZCSU8915945,"HOUSTON, TX",BARBOURS CUT,S787,WAN HAI 271,9493250
CAIU7397437,"PORT EVERGLADES, FL",Florida International Terminal,,ETE N,9509126
AMFU8812107,"LOS ANGELES, CA",YTI - LA,Y790,RUN XING,9319583
PCIU0205016,"NEWPORT NEWS/NORFOLK, VA",Port of Virginia,,CMA CGM URAL,9705079
BMOU1230294,"TACOMA, WA",ETS - TAC,,WAN HAI 307,9237096
FCIU8998960,"TACOMA, WA",TCT - TAC,X215,MATHILDE MAERSK,9632179
TEMU2734821,"NEW YORK, NY",APM - PE,E425,MAERSK SERANGOON,9315214
TCNU5539114,"TAMPA, FL",Port of Tampa Container Terminal,M669,HAIAN TIME,9245158
CAIU7844432,"TACOMA, WA", West Sitcum Terminal,X335,ALEXANDER BAY,9238777
TTNU4878939,"TAMPA, FL",Port of Tampa Container Terminal,M669,HAIAN TIME,9245158
SEGU5431150,"HOPEWELL, VA",Richmond Marine Terminal,LAQ4,CALISTO,9306067
FTAU1603729,"NEW ORLEANS, LA",NAPOLEON,P260,SEATTLE EXPRESS,9348687
WHSU5751382,"TACOMA, WA", West Sitcum Terminal,X335,ALEXANDER BAY,9238777
TCNU4073628,"LOS ANGELES, CA",YTI - LA,Y790,BOX EXPRESS,9733832
YMMU6015978,"LOS ANGELES, CA",Fenix Marine Services,Y257,ELBFEEDER,9388522
SEGU6682822,"OAKLAND, CA",OICT,Z985,HAYLING ISLAND,9315886
BMOU5181916,"TACOMA, WA",ETS - TAC,,WAN HAI 307,9237096
FSCU8458010,"MIAMI, FL",Seaboard Marine,,XIN CANG ZHOU,9523093
CLHU8954080,"NEWPORT NEWS/NORFOLK, VA",Port of Virginia,,CMA CGM URAL,9705079
EITU1916394,"LOS ANGELES, CA",YTI - LA,Y790,XIN SU ZHOU,9262144
CMAU4375611,"SAVANNAH, GA",Garden City Terminal,L737,HYUNDAI GRACE,9330721
OOLU9346075,"HOUSTON, TX",BARBOURS CUT,S787,WAN HAI 271,9493250
FFAU4038780,"MIAMI, FL",Seaboard Marine,,XIN CANG ZHOU,9523093
KKFU7760256,"HOUSTON, TX",BCT,V136,MSC CANDICE,9339284
MAGU5787450,"NEW YORK, NY",PNCT,F577,GSL GRANIA,9285653
BMOU5316591,"HOUSTON, TX",BCT,V136,EVER DAINTY,9134232
MEDU5869833,"NEW YORK, NY",GCT - NY,E005,POLAR ARGENTINA,9797204
CAIU4386594,"NEW YORK, NY",APM - PE,E425,WAN HAI 265,9230232
CAIU3298884,"OAKLAND, CA",OICT,Z985,TASMAN,7018460
OOCU7906852,"NEWPORT NEWS/NORFOLK, VA",Norfolk International Terminals,L005,SPIRIT OF MELBOURNE,9362413
WHLU5630826,"PORT EVERGLADES, FL",Port Everglades,N751,IKARIA,6411380
FSCU8475172,"PORT EVERGLADES, FL",Florida International Terminal,,ETE N,9509126
OOLU8661766,"CHARLESTON, SC",Wando Welch Terminal,N598,AS RAFAELA,9330939
EMCU9882714,"HOUSTON, TX",BCT,V136,MSC CANDICE,9339284
WHSU5042828,"OAKLAND, CA",OICT,Z985,HAYLING ISLAND,9315886
TRHU5817820,"CHARLESTON, SC",Wando Welch Terminal,N598,AS RAFAELA,9330939
FFAU3016220,"HOUSTON, TX",BARBOURS CUT,S787,VIMC PIONEER,9167514
CCLU4927322,"NEW ORLEANS, LA",New Orleans Terminal,Q795,MSC ISHYKA,9154206
CRSU9052871,"OAKLAND, CA",OICT,Z985,TASMAN,7018460
FFAU4036576,"NEW YORK, NY",GCT - NJ,E364,MSC APOLLO,9247730
TCNU1459556,"WASHINGTON INT/BALTIMORE, MD",Port of Baltimore,C324,MSC BRANKA,9720495
DFSU4287417,"NEWPORT NEWS/NORFOLK, VA",Port of Virginia,,WAN HAI 161,9132894
DFSU3026506,"NEW YORK, NY",Maher,E416,MSC RIFAYA,9767388
CMAU4560081,"CHARLESTON, SC",South Carolina Ports,L391,NORTHERN JADE,9294991
MSDU7350295,"HOUSTON, TX",BARBOURS CUT,S787,WAN HAI 271,9493250
TLLU5856568,"CHARLESTON, SC",Wando Welch Terminal,N598,MSC POH LIN,9279977
CMAU5958629,"CHARLESTON, SC",Wando Welch Terminal,N598,MSC POH LIN,9279977
MRKU2409584,"NEW YORK, NY",REDHOOK,E026,MISSISSAUGA EXPRESS,9165358
MSDU7810148,"CHARLESTON, SC",North Charleston Terminal,L391,ELBSEA,9429273
TGHU1522183,"TACOMA, WA",TCT - TAC,X215,MATHILDE MAERSK,9632179
WHLU5832576,"HOUSTON, TX",BCT,V136,EVER DAINTY,9134232
TLLU5468618,"LOS ANGELES, CA",PIER A,Z978,SONATA,6829719
CAIU7876110,"OAKLAND, CA",TRAPAC - OAK,Y549,CONTI CORDOBA,9349801
HMMU6245382,"TAMPA, FL",Port of Tampa Container Terminal,M669,CAPE FORBY,9356842
TEMU3077697,"OAKLAND, CA",OICT,Z985,HAYLING ISLAND,9315886
GCXU5346093,"HOUSTON, TX",BARBOURS CUT,S787,WAN HAI 301,9238155
FFAU1388254,"OAKLAND, CA",Matson - OAK,W614,CAPE FELTON,9379375
TLLU4287235,"NEW ORLEANS, LA",NAPOLEON,P260,SEATTLE EXPRESS,9348687
MATU2626529,"LOS ANGELES, CA",APM - LA,W185,MSC RAVENNA,9484431
TCLU9184329,"WILMINGTON, NC",WILMINGTON,L194,NAWATA BHUM,9365685
TCLU7837975,"HOUSTON, TX",BARBOURS CUT,S787,MSC ELENI,9278143
NYKU4917954,"OAKLAND, CA",Matson - OAK,W614,COSCO FOS,9484302
MATU2575859,"OAKLAND, CA",ETS Oakland,Y738,COSCO SHIPPING VIRGO,9783461
TLLU5060966,"CHARLESTON, SC",Wando Welch Terminal,N598,AS RAFAELA,9330939
OOLU7932502,"CHARLESTON, SC",Wando Welch Terminal,N598,AS RAFAELA,9330939
INBU5024827,"BOSTON, MA",CONLEY,A295,JPO LIBRA,9297840
TCKU4260239,"LOS ANGELES, CA",YTI - LA,Y790,XIN RI ZHAO,9312561
MRSU3258280,"HOUSTON, TX",BCT,V136,EVER DAINTY,9134232
CMAU7826452,"TAMPA, FL",Port of Tampa Container Terminal,M669,HAIAN TIME,9245158
TCNU6714042,"PORT EVERGLADES, FL",Florida International Terminal,,ETE N,9509126
GESU6421552,"JACKSONVILLE, FL",Blount Island Marine Terminal,N296,INLAND TRANSPORT,5367441
APHU6360119,"LOS ANGELES, CA",WBCT,Y773,KOTA LAWA,9439709
WHLU5485625,"HOUSTON, TX",BARBOURS CUT,S787,MSC PILAR,8715871
DFSU1096150,"HOUSTON, TX",BARBOURS CUT,S787,MSC ELENI,9278143
MATU2574868,"NEW YORK, NY",REDHOOK,E026,MISSISSAUGA EXPRESS,9165358
SMCU1071150,"OAKLAND, CA",Matson - OAK,W614,SARERA,9157404
TGHU9473212,"HOUSTON, TX",BCT,V136,MSC CANDICE,9339284
TCKU4744887,"JACKSONVILLE, FL",Blount Island Marine Terminal,N296,INLAND TRANSPORT,5367441
FFAU3499093,"NEW ORLEANS, LA",New Orleans Terminal,Q795,GENOVA,5128235
TGBU6886360,"OAKLAND, CA",ETS Oakland,Y738,ONE MANEUVER,9475648
WHLU5639382,"HOUSTON, TX",BARBOURS CUT,S787,MSC ELENI,9278143
KKFU7561737,"CHARLESTON, SC",Wando Welch Terminal,N598,APL RAFFLES,9631979
MATU2548473,"OAKLAND, CA",TRAPAC - OAK,Y549,CONTI CORDOBA,9349801
WHSU5506148,"OAKLAND, CA",ETS Oakland,Y738,ONE MANEUVER,9475648
MATU2513203,"NEW ORLEANS, LA",New Orleans Terminal,Q795,MSC ISHYKA,9154206
SEGU6011608,"NEWPORT NEWS/NORFOLK, VA",Virginia International Gateway,N195,LEDA MAERSK,9190755
ZCSU2605618,"TACOMA, WA",TCT - TAC,X215,MATHILDE MAERSK,9632179
CAIU9838969,"NEW YORK, NY",GCT - NY,E005,NORTHERN VOLITION,9304978
DFSU6368694,"LOS ANGELES, CA",YTI - LA,Y790,XIN SU ZHOU,9262144
BEAU5759851,"LOS ANGELES, CA",APM - LA,W185,MSC RAVENNA,9484431
CAIU4947308,"NEW YORK, NY",GCT - NY,E005,NORTHERN VOLITION,9304978
DRYU9587782,"CHARLESTON, SC",South Carolina Ports,L391,EVER BOOMY,9787015
TGCU0160353,"CHARLESTON, SC",South Carolina Ports,L391,NORTHERN JADE,9294991
SEGU6061044,"WASHINGTON INT/BALTIMORE, MD",Port of Baltimore,C324,MSC MARGARITA,9238741
MRKU0695447,"OAKLAND, CA",ETS Oakland,Y738,ONE MANEUVER,9475648
OOLU7660404,"WILMINGTON, NC",WILMINGTON,L194,NAWATA BHUM,9365685
WHSU6131154,"CHARLESTON, SC",Wando Welch Terminal,N598,AS RAFAELA,9330939
WHSU5430952,"LOS ANGELES, CA",Fenix Marine Services,Y257,SM KAVERI,9236042
GAOU6057806,"LOS ANGELES, CA",PIER A,Z978,SONATA,6829719
EMCU5273690,"HOUSTON, TX",BARBOURS CUT,S787,VIMC PIONEER,9167514
WHSU6085779,"LOS ANGELES, CA",APM - LA,W185,MSC RAVENNA,9484431
TCNU1458945,"LOS ANGELES, CA",WBCT,Y773,KOTA LAWA,9439709
FSCU7023413,"HOUSTON, TX",BARBOURS CUT,S787,WAN HAI 301,9238155
TCNU5552374,"NEW ORLEANS, LA",New Orleans Terminal,Q795,GENOVA,5128235
ZCSU7166020,"NEW YORK, NY",REDHOOK,E026,MISSISSAUGA EXPRESS,9165358
MSMU5050994,"WASHINGTON INT/BALTIMORE, MD",Port of Baltimore,C324,MSC BRANKA,9720495
FDCU0235155,"JACKSONVILLE, FL",Blount Island Marine Terminal,N296,YM HARMONY,9299329
GESU6182376,"OAKLAND, CA",Matson - OAK,W614,CAPE FELTON,9379375
OOLU4306439,"LOS ANGELES, CA",PCT,W182,MSC GAYANE,9770763
TEMU7120683,"NEW YORK, NY",GCT - NY,E005,NORTHERN VOLITION,9304978
TCNU4551440,"CHARLESTON, SC",North Charleston Terminal,L391,ELBSEA,9429273
CGMU3050707,"SAINT JOHN, NB",DP World Terminal,DPW_SJ,MANILA MAERSK,9780469
MSMU7327500,"WILMINGTON, NC",WILMINGTON,L194,MP THE GRONK,9289960
GAOU6155269,"OAKLAND, CA",Matson - OAK,W614,SARERA,9157404
CCLU5080124,"PRINCE RUPERT, BC",Fairview Container Terminal,,VICTORY VOYAGER,9168245
WHSU5705849,"HOUSTON, TX",BARBOURS CUT,S787,WAN HAI 301,9238155
CAIU3811934,"NEW YORK, NY",APM - PE,E425,WAN HAI 265,9230232
WHSU5693331,"TAMPA, FL",Port of Tampa Container Terminal,M669,EXPRESS ARGENTINA,9443011
BEAU5144414,"NEW ORLEANS, LA",New Orleans Terminal,Q795,WAN HAI 305,9238181
HLBU2540281,"OAKLAND, CA",ETS Oakland,Y738,COSCO SHIPPING VIRGO,9783461
WHSU5336484,"OAKLAND, CA",ETS Oakland,Y738,ONE MANEUVER,9475648
OOLU0155268,"SAINT JOHN, NB",DP World Terminal,DPW_SJ,MANILA MAERSK,9780469
TLLU2765546,"HALIFAX, NS",South End Container Terminal (PSA Halifax),,JOGELA,9619402
FSCU5096180,"PORT EVERGLADES, FL",Florida International Terminal,,ETE N,9509126
CGMU3052063,"HOUSTON, TX",BARBOURS CUT,S787,MSC ELENI,9278143
CMAU1759681,"CHARLESTON, SC",North Charleston Terminal,L391,ULSAN EXPRESS,9613020
FBLU0117751,"BOSTON, MA",CONLEY,A295,MSC EMMA,9463047
TGBU2174060,"LOS ANGELES, CA",APM - LA,W185,MSC RAVENNA,9484431
CMAU7555134,"CHARLESTON, SC",South Carolina Ports,L391,NORTHERN JADE,9294991
TRIU6620275,"HALIFAX, NS",South End Container Terminal (PSA Halifax),,JOGELA,9619402
TGHU5264940,"NEW YORK, NY",APM - PE,E425,MAERSK SERANGOON,9315214
TEMU3777140,"NEW YORK, NY",GCT - NY,E005,NORTHERN VOLITION,9304978
CRSU1449034,"TACOMA, WA", West Sitcum Terminal,X335,ALEXANDER BAY,9238777
TCNU4704575,"VANCOUVER, BC",Vancouver CENTERM,,PARIS EXPRESS,9038919
MSMU7701101,"NEW YORK, NY",Maher,E416,MSC RIFAYA,9767388
MRKU6335094,"OAKLAND, CA",Matson - OAK,W614,CAPE FELTON,9379375
TEMU8782180,"LOS ANGELES, CA",SSA Marine - C60,Y377,IRENES ROSE,9363417
WHLU5758669,"MIAMI, FL",SFCT,N775,MARIBO MAERSK,9619969
WHLU5817416,"PORT EVERGLADES, FL",Florida International Terminal,,XIN HANG ZHOU,9523017
EITU1344880,"MIAMI, FL",Seaboard Marine,,XIN CANG ZHOU,9523093
CRSU5005819,"PRINCE RUPERT, BC",Fairview Container Terminal,,VICTORY VOYAGER,9168245
TRIU6645545,"TACOMA, WA",TOTE Maritime Alaska Terminal,X339,MAERSK HAMBURG,9784312
CBHU9053425,"OAKLAND, CA",ETS Oakland,Y738,ONE MANEUVER,9475648
CRSU5017194,"NEW ORLEANS, LA",New Orleans Terminal,Q795,GENOVA,5128235
SEGU4854389,"PORT EVERGLADES, FL",Port Everglades,N751,IKARIA,6411380
TTNU4416308,"LOS ANGELES, CA",YTI - LA,Y790,ITAL LAGUNA,9322463
GLDU9063675,"TACOMA, WA",TOTE Maritime Alaska Terminal,X339,MAERSK HAMBURG,9784312
BMOU8000930,"OAKLAND, CA",Matson - OAK,W614,COSCO FOS,9484302
WHSU5239735,"NEW YORK, NY",Maher,E416,MSC RIFAYA,9767388
ZCSU7255560,"TACOMA, WA",TOTE Maritime Alaska Terminal,X339,MAERSK HAMBURG,9784312
OOCU4720165,"WILMINGTON, NC",WILMINGTON,L194,MP THE GRONK,9289960
UETU5130138,"WILMINGTON, NC",WILMINGTON,L194,NAWATA BHUM,9365685
TGHU0039205,"HOUSTON, TX",BARBOURS CUT,S787,WAN HAI 271,9493250
CAIU3113569,"BOSTON, MA",CONLEY,A295,JPO LIBRA,9297840
TEMU9114653,"LOS ANGELES, CA",YTI - LA,Y790,XIN RI ZHAO,9312561
CAIU9610080,"LOS ANGELES, CA",APM - LA,W185,MSC RAVENNA,9484431
SEGU6769943,"WASHINGTON INT/BALTIMORE, MD",Port of Baltimore,C324,MSC MARGARITA,9238741
MSCU4940186,"LOS ANGELES, CA",WBCT,Y773,KOTA LAWA,9439709
MSCU5037293,"PORT EVERGLADES, FL",Port Everglades,N751,MAERSK HANGZHOU,9784300
CMAU0924204,"SAINT JOHN, NB",DP World Terminal,DPW_SJ,NORDPANTHER,9673654
TEMU6280882,"OAKLAND, CA",Matson - OAK,W614,SARERA,9157404
WHSU6019648,"LOS ANGELES, CA",APM - LA,W185,WAN HAI 216,9059145
FFAU3671638,"NEWPORT NEWS/NORFOLK, VA",Virginia International Gateway,N195,LEDA MAERSK,9190755
TRHU1040584,"TACOMA, WA", West Sitcum Terminal,X335,ALEXANDER BAY,9238777
TEMU6918067,"OAKLAND, CA",Matson - OAK,W614,SARERA,9157404
WHLU5556858,"MIAMI, FL",SFCT,N775,MSC NICOLE,8509387
BSIU9763269,"OAKLAND, CA",OICT,Z985,HAYLING ISLAND,9315886
TCNU4836247,"TACOMA, WA",ETS - TAC,,WAN HAI 307,9237096
MSKU9031667,"LOS ANGELES, CA",APM - LA,W185,BG SAPPHIRE,9803699
CGMU2992166,"HOUSTON, TX",BARBOURS CUT,S787,MSC ELENI,9278143
UACU3784834,"LOS ANGELES, CA",SSA Marine - C60,Y377,APL SANTIAGO,9597563
HLBU2696124,"LOS ANGELES, CA",PCT,W182,MSC GAYANE,9770763
BHCU5002674,"NEWPORT NEWS/NORFOLK, VA",Port of Virginia,,CMA CGM URAL,9705079
WHLU5688052,"LOS ANGELES, CA",Fenix Marine Services,Y257,SM KAVERI,9236042
BMOU4054250,"NEW YORK, NY",PNCT,F577,GSL GRANIA,9285653
WHLU5831137,"OAKLAND, CA",Matson - OAK,W614,TRUONG HAI STAR 2,9419606
TGBU5155021,"NEWPORT NEWS/NORFOLK, VA",Norfolk International Terminals,L005,SPIRIT OF MELBOURNE,9362413
MSKU1733482,"SAVANNAH, GA",Garden City Terminal,L737,HYUNDAI GRACE,9330721
WHLU5625136,"MIAMI, FL",SFCT,N775,MSC NICOLE,8509387
WHSU5284246,"TACOMA, WA",TOTE Maritime Alaska Terminal,X339,MAERSK HAMBURG,9784312
CMAU0598089,"LOS ANGELES, CA",YTI - LA,Y790,XIN RI ZHAO,9312561
MATU2706218,"OAKLAND, CA",ETS Oakland,Y738,COSCO SHIPPING VIRGO,9783461
WHLU5634185,"SAVANNAH, GA",Garden City Terminal,L737,HYUNDAI GRACE,9330721
OOLU2173506,"CHARLESTON, SC",Wando Welch Terminal,N598,APL RAFFLES,9631979
MRKU5177707,"JACKSONVILLE, FL",Blount Island Marine Terminal,N296,YM HARMONY,9299329
CMAU7093308,"OAKLAND, CA",TRAPAC - OAK,Y549,XIN XIA MEN,9270476
ECMU9519458,"MIAMI, FL",Seaboard Marine,,XIN CANG ZHOU,9523093
MSKU5742820,"WILMINGTON, NC",WILMINGTON,L194,MP THE GRONK,9289960
BMOU6612601,"CHARLESTON, SC",South Carolina Ports,L391,EVER BOOMY,9787015
TCLU9103040,"PORT EVERGLADES, FL",Florida International Terminal,,XIN HANG ZHOU,9523017
KOCU4186353,"LOS ANGELES, CA",PIER A,Z978,ATLANTIC OCEAN,8612990
ZCSU7599652,"LOS ANGELES, CA",APM - LA,W185,MSC RAVENNA,9484431
HASU4218867,"NEW ORLEANS, LA",New Orleans Terminal,Q795,WAN HAI 305,9238181
TCKU9675623,"NEW YORK, NY",PNCT,F577,GSL GRANIA,9285653
BEAU4852661,"LOS ANGELES, CA",Fenix Marine Services,Y257,SM KAVERI,9236042
EMCU3647997,"OAKLAND, CA",Matson - OAK,W614,SARERA,9157404
WHLU0645633,"HOUSTON, TX",BARBOURS CUT,S787,MSC ELENI,9278143
HLXU8185520,"OAKLAND, CA",TRAPAC - OAK,Y549,CONTI CORDOBA,9349801
DRYU9516984,"OAKLAND, CA",Matson - OAK,W614,SARERA,9157404
TCKU3674173,"TACOMA, WA",ETS - TAC,,WAN HAI 307,9237096
CAIU2895442,"LOS ANGELES, CA",Fenix Marine Services,Y257,SM KAVERI,9236042
BEAU2290077,"NEWPORT NEWS/NORFOLK, VA",Norfolk International Terminals,L005,SPIRIT OF MELBOURNE,9362413
MEDU3700295,"JACKSONVILLE, FL",Blount Island Marine Terminal,N296,INLAND TRANSPORT,5367441
CMAU6428599,"LOS ANGELES, CA",APM - LA,W185,WAN HAI 216,9059145
APHU6949916,"LOS ANGELES, CA",SSA Marine - C60,Y377,APL SANTIAGO,9597563
TCKU3834327,"LOS ANGELES, CA",YTI - LA,Y790,RUN XING,9319583
TGHU6151418,"NEW YORK, NY",APM - PE,E425,WAN HAI 265,9230232
GCXU5353472,"LOS ANGELES, CA",YTI - LA,Y790,BOX EXPRESS,9733832
MRSU3028585,"NEW YORK, NY",GCT - NY,E005,NORTHERN VOLITION,9304978
CMAU7891252,"MIAMI, FL",Seaboard Marine,,XIN CANG ZHOU,9523093
PONU0552509,"PORT EVERGLADES, FL",Florida International Terminal,,XIN HANG ZHOU,9523017
SKYU2581078,"OAKLAND, CA",TRAPAC - OAK,Y549,WAN HAI 171,9380257
TGHU9498479,"WASHINGTON INT/BALTIMORE, MD",Port of Baltimore,C324,MSC BRANKA,9720495
TGBU9910809,"CHARLESTON, SC",South Carolina Ports,L391,EVER BOOMY,9787015
TRLU7652667,"LOS ANGELES, CA",APM - LA,W185,MSC RAVENNA,9484431
MRSU3185990,"WASHINGTON INT/BALTIMORE, MD",Port of Baltimore,C324,MSC BRANKA,9720495
CMAU0701962,"OAKLAND, CA",OICT,Z985,TASMAN,7018460
TCKU6281740,"LOS ANGELES, CA",Fenix Marine Services,Y257,SM KAVERI,9236042
BMOU5899170,"LOS ANGELES, CA",Fenix Marine Services,Y257,ELBFEEDER,9388522
WHSU6645390,"OAKLAND, CA",OICT,Z985,TASMAN,7018460
YMLU8792398,"LOS ANGELES, CA",Fenix Marine Services,Y257,ELBFEEDER,9388522
MSKU1059117,"BOSTON, MA",CONLEY,A295,MSC EMMA,9463047
BSIU9898855,"NEWPORT NEWS/NORFOLK, VA",Port of Virginia,,CMA CGM URAL,9705079
PCIU8713749,"OAKLAND, CA",Matson - OAK,W614,CAPE FELTON,9379375
IPXU3986355,"TACOMA, WA", West Sitcum Terminal,X335,ALEXANDER BAY,9238777
WHLU5738750,"MIAMI, FL",Seaboard Marine,,WAN HAI 172,9380269
WHSU2196352,"LOS ANGELES, CA",Fenix Marine Services,Y257,ELBFEEDER,9388522
TEMU0983342,"TAMPA, FL",Port of Tampa Container Terminal,M669,HAIAN TIME,9245158
DFSU7635774,"LOS ANGELES, CA",Fenix Marine Services,Y257,ELBFEEDER,9388522
MSMU7700661,"PORT EVERGLADES, FL",Florida International Terminal,,ETE N,9509126
CMAU6346680,"NEW ORLEANS, LA",New Orleans Terminal,Q795,GENOVA,5128235
TEMU5357249,"NEW YORK, NY",APM - PE,E425,MAERSK SERANGOON,9315214
